8.018239401280879974e-03 1.018874711117449872e+00 1.022828122198446543e+00 1.025516416349604887e+00 1.026822142397873838e+00 1.030503355335060656e+00 1.033241503450957888e+00 1.034316852198055470e+00 1.034005390928457224e+00 1.032781997439951693e+00 1.030699111220219510e+00 1.027984782426006438e+00 1.024679936022521609e+00 1.020935920286351495e+00 1.016805880404340501e+00 1.012405908142514299e+00 1.007764197702734510e+00 1.003043594378066228e+00 1.003040577344904039e+00
1.401654949351664563e-02 1.019717361749087337e+00 1.023670194337074291e+00 1.026357153908091124e+00 1.027662268867540307e+00 1.031340751161303082e+00 1.034074508051971319e+00 1.035145326784215891e+00 1.034827580934589486e+00 1.033596522797896933e+00 1.031505728732532434e+00 1.028782919786159100e+00 1.025470929053965641e+00 1.021719197142039848e+00 1.017581723403353511e+00 1.013176214683187082e+00 1.008529663073982396e+00 1.003803927363097648e+00 1.003801436363874977e+00
1.969250245970122562e-02 1.019898925932314127e+00 1.023834562347238020e+00 1.026508707560443989e+00 1.027806621540260368e+00 1.031460937078013895e+00 1.034171690735140592e+00 1.035224562132351478e+00 1.034898817422437167e+00 1.033665276205215200e+00 1.031578926832834808e+00 1.028865637562051072e+00 1.025570430119282062e+00 1.021842132973870498e+00 1.017734251202878193e+00 1.013363087217854064e+00 1.008755990086479537e+00 1.004074086845322178e+00 1.004071594068604245e+00
2.551337480545044084e-02 1.019776757976120996e+00 1.023691780974744114e+00 1.026350431489966741e+00 1.027639699033175535e+00 1.031266219488593983e+00 1.033946762683631393e+00 1.034975989105265226e+00 1.034635761001394316e+00 1.033394027374721746e+00 1.031306063752836621e+00 1.028598074782777871e+00 1.025314454694219002e+00 1.021605137051816659e+00 1.017521806845096188e+00 1.013179928954415665e+00 1.008608167193128846e+00 1.003966999219767731e+00 1.003964460153647487e+00
3.202906010406358223e-02 1.019865593823295669e+00 1.023779626660202613e+00 1.026437293964111319e+00 1.027726651867731933e+00 1.031352158196090274e+00 1.034029293601024913e+00 1.035053049807410863e+00 1.034708994927839854e+00 1.033462198895727546e+00 1.031370537480279959e+00 1.028660808916334046e+00 1.025375924957919072e+00 1.021666143738552357e+00 1.017585225463322640e+00 1.013250431612208402e+00 1.008687137476299123e+00 1.004057212261709742e+00 1.004054600711306922e+00
3.846520933840009981e-02 1.019647653964882661e+00 1.023540535653066241e+00 1.026182336912988546e+00 1.027463344509526033e+00 1.031061294973192988e+00 1.033709971182899423e+00 1.034710865500735544e+00 1.034352381575461610e+00 1.033095512463832355e+00 1.030997329631377690e+00 1.028285744559336079e+00 1.025003337474588605e+00 1.021300991076454556e+00 1.017233499640202155e+00 1.012916773932326819e+00 1.008374817451335614e+00 1.003767738476946780e+00 1.003765165631826717e+00
4.443307405343879801e-02 1.019790844719698608e+00 1.023672231517648967e+00 1.026304446942267079e+00 1.027579676978719769e+00 1.031158138466304885e+00 1.033783385336802807e+00 1.034767713180636761e+00 1.034395860956678792e+00 1.033129225928431483e+00 1.031030325870060382e+00 1.028323537300455559e+00 1.025055015731543007e+00 1.021372504177291418e+00 1.017329302980144012e+00 1.013041577316940556e+00 1.008535431830770435e+00 1.003968572001995074e+00 1.003966077609674379e+00
5.042305588722229004e-02 1.019791937157038975e+00 1.023682639347578194e+00 1.026321059503482624e+00 1.027599291864798259e+00 1.031187281274175138e+00 1.033817277515713284e+00 1.034797557746477858e+00 1.034418980015729295e+00 1.033146300867106460e+00 1.031037772870971647e+00 1.028320416311882424e+00 1.025038945344216579e+00 1.021344327463085122e+00 1.017289225247764328e+00 1.012990299128180949e+00 1.008473058323871019e+00 1.003896050341727797e+00 1.003893373587392057e+00
5.690925724269420977e-02 1.019861162325102599e+00 1.023763283756115694e+00 1.026409408168442505e+00 1.027691198445435772e+00 1.031283840524433115e+00 1.033914118705302476e+00 1.034886581607289413e+00 1.034498247606312260e+00 1.033210162390888698e+00 1.031082208438413916e+00 1.028345926602589389e+00 1.025046910299693081e+00 1.021334803988758422e+00 1.017263894643496425e+00 1.012951831136312153e+00 1.008424137790209008e+00 1.003839544228509073e+00 1.003836889027634793e+00
6.341842361688614094e-02 1.019927914233016431e+00 1.023805977139196077e+00 1.026429724098599783e+00 1.027699265261689643e+00 1.031250892866226065e+00 1.033832244807986411e+00 1.034766173332286820e+00 1.034356405642026910e+00 1.033059686420899848e+00 1.030936328445413830e+00 1.028214715556041492e+00 1.024939544041167716e+00 1.021261610822368437e+00 1.017235586104648704e+00 1.012972191724819115e+00 1.008500404388746663e+00 1.003977943133550488e+00 1.003975729782253801e+00
6.949987936003544642e-02 1.019917539693143027e+00 1.023810666161743654e+00 1.026445624777762022e+00 1.027719928868077615e+00 1.031281816521080419e+00 1.033866268063661442e+00 1.034793708289759806e+00 1.034369781563011292e+00 1.033054834514685716e+00 1.030910970536312643e+00 1.028167151808043966e+00 1.024872225046778995e+00 1.021177283505353195e+00 1.017135944407213888e+00 1.012863760515745559e+00 1.008386055251367042e+00 1.003862232660969633e+00 1.003859767775357570e+00
7.558128466088295805e-02 1.019904290872546415e+00 1.023793383601421469e+00 1.026422431641534905e+00 1.027691934261260043e+00 1.031239194165727735e+00 1.033801036644130145e+00 1.034701564526843809e+00 1.034257320316704698e+00 1.032926474373217385e+00 1.030768980181896000e+00 1.028014131729278358e+00 1.024713184178568159e+00 1.021019092790590443e+00 1.016984420394401845e+00 1.012726574277592828e+00 1.008270081753431580e+00 1.003770412118112354e+00 1.003768034046890190e+00
8.196268225887480552e-02 1.019826533962952864e+00 1.023697276282901081e+00 1.026312691739560856e+00 1.027575817337693431e+00 1.031104688348672749e+00 1.033650218987882452e+00 1.034543661386617464e+00 1.034101939773802270e+00 1.032775334133183120e+00 1.030627197906583081e+00 1.027888542719642029e+00 1.024607524736646402e+00 1.020936595938298330e+00 1.016924890519273594e+00 1.012689332023929634e+00 1.008255528338292129e+00 1.003780079738072484e+00 1.003777580407488879e+00
8.830226267620121250e-02 1.019840052252364293e+00 1.023693882922741549e+00 1.026296853383143359e+00 1.027554233914492521e+00 1.031062291590339353e+00 1.033590252219152461e+00 1.034475191466781574e+00 1.034029610935685684e+00 1.032708105876422255e+00 1.030570784319259303e+00 1.027846716234473101e+00 1.024583943668835539e+00 1.020933426111512388e+00 1.016948248899809393e+00 1.012742603729480217e+00 1.008341663771921581e+00 1.003901559050469849e+00 1.003898948188584050e+00
9.435210882776298713e-02 1.019779967105219676e+00 1.023635574808564375e+00 1.026239661928968649e+00 1.027497094589108206e+00 1.031004729944726694e+00 1.033528321594368249e+00 1.034404830872948988e+00 1.033945771165130978e+00 1.032607819981959052e+00 1.030454556053807424e+00 1.027718681690487301e+00 1.024447574767112235e+00 1.020792252405540612e+00 1.016803340726929683e+00 1.012597713326838011e+00 1.008200013133554895e+00 1.003767759294129869e+00 1.003765382155356489e+00
1.005600000334900268e-01 1.019912386315293906e+00 1.023788744451727961e+00 1.026409182383532404e+00 1.027674556355118618e+00 1.031205836526061015e+00 1.033748658193899272e+00 1.034628495086683087e+00 1.034165887181931698e+00 1.032817150886425672e+00 1.030648680522934235e+00 1.027892235162765289e+00 1.024596345278596443e+00 1.020913098659447682e+00 1.016900361019666521e+00 1.012675907464281488e+00 1.008260852446632549e+00 1.003814674271453766e+00 1.003812378571951047e+00
1.070138172820522676e-01 1.019773542919897302e+00 1.023630909281951995e+00 1.026243149687486200e+00 1.027507153027527709e+00 1.031041083706795591e+00 1.033608576543471047e+00 1.034530215394053210e+00 1.034107697289551986e+00 1.032801829806813565e+00 1.030670820280451094e+00 1.027944798583449781e+00 1.024665359772780393e+00 1.020985315260624526e+00 1.016960946053897530e+00 1.012706559834402054e+00 1.008248342020951815e+00 1.003744554137779854e+00 1.003741938477659135e+00
1.134272720352065417e-01 1.020006475487803321e+00 1.023918019685010394e+00 1.026569207780527959e+00 1.027852403010850901e+00 1.031444881090363586e+00 1.034055642323139068e+00 1.034988705038044632e+00 1.034555315548061349e+00 1.033220657383413510e+00 1.031045931572741825e+00 1.028268019094727759e+00 1.024935513198168779e+00 1.021204439579209922e+00 1.017134312506959182e+00 1.012843550420800209e+00 1.008357522641810000e+00 1.003836471313155121e+00 1.003833577431366475e+00
1.196088736356262089e-01 1.019941844242138851e+00 1.023829948873220319e+00 1.026461661414138860e+00 1.027734114821086564e+00 1.031286652850573970e+00 1.033847855817682682e+00 1.034742890190874176e+00 1.034284941407103364e+00 1.032936245250097640e+00 1.030760626594501073e+00 1.027996111769803544e+00 1.024688631554574902e+00 1.020993925241502787e+00 1.016964333256752839e+00 1.012723028336991238e+00 1.008294807830393047e+00 1.003836942551913358e+00 1.003834284056066561e+00
1.257803526943431782e-01 1.019888574024979233e+00 1.023749280143290585e+00 1.026355106832749886e+00 1.027612137337852838e+00 1.031113688849560894e+00 1.033619442756817719e+00 1.034474555817143981e+00 1.033993936866062224e+00 1.032632003005641952e+00 1.030454629264188071e+00 1.027698654915082388e+00 1.024413097703628095e+00 1.020748677394508031e+00 1.016760205726188859e+00 1.012564336546560417e+00 1.008186095636452784e+00 1.003779240109977433e+00 1.003776790319651946e+00
1.321489366516601371e-01 1.020106585721189729e+00 1.024006308081740313e+00 1.026640909140498215e+00 1.027911903946665317e+00 1.031452952598181927e+00 1.033985365029519432e+00 1.034835595660955399e+00 1.034336687710453839e+00 1.032950294262232838e+00 1.030743222163346573e+00 1.027955238446776054e+00 1.024637906549143773e+00 1.020948298079796146e+00 1.016941179208372237e+00 1.012732847865143171e+00 1.008349733691433547e+00 1.003954098501895542e+00 1.003951704596187655e+00
1.384562346816501366e-01 1.019955948660301814e+00 1.023806193286532107e+00 1.026402258365982423e+00 1.027653745376204464e+00 1.031134528235573722e+00 1.033618243337280473e+00 1.034443034988452137e+00 1.033947614308859508e+00 1.032576112999030959e+00 1.030398162625588254e+00 1.027646597397897432e+00 1.024366471487615948e+00 1.020718720947927149e+00 1.016753431574071831e+00 1.012588756767725862e+00 1.008248895520247546e+00 1.003890601146593786e+00 1.003888025098042869e+00
1.446496334058954558e-01 1.019988999635047966e+00 1.023873702576372668e+00 1.026501623313698097e+00 1.027772187925273473e+00 1.031312101302878315e+00 1.033856867211488284e+00 1.034736224290137896e+00 1.034263176647930216e+00 1.032902049345050477e+00 1.030717601976696818e+00 1.027947778151408365e+00 1.024644050251115157e+00 1.020961944263720333e+00 1.016954332116114079e+00 1.012743500967506316e+00 1.008353408506119653e+00 1.003942333304555401e+00 1.003940277299700368e+00
1.508534077925902661e-01 1.020095917931369334e+00 1.023997436122932259e+00 1.026639663976038674e+00 1.027916130915360382e+00 1.031477628628385546e+00 1.034039501922615401e+00 1.034919203848752911e+00 1.034438483986616530e+00 1.033061416260023124e+00 1.030855234705616130e+00 1.028063436531117203e+00 1.024739926569694148e+00 1.021039374463022398e+00 1.017021894326171294e+00 1.012806669893940859e+00 1.008418004516850042e+00 1.004017006840957960e+00 1.004014303190471358e+00
1.571727997187746806e-01 1.020006919038792148e+00 1.023911151675493514e+00 1.026555715801847013e+00 1.027835953909396416e+00 1.031418765362760892e+00 1.034013125275608624e+00 1.034923492001235346e+00 1.034470564385202573e+00 1.033117547756963628e+00 1.030927134586603566e+00 1.028148544637351725e+00 1.024832655507443402e+00 1.021136663784697030e+00 1.017114831951043463e+00 1.012888659658403689e+00 1.008483840545824295e+00 1.004062571842556650e+00 1.004060089533834743e+00
1.635416756874734368e-01 1.020108733717101090e+00 1.024044578536445815e+00 1.026720297984893060e+00 1.028017854460745006e+00 1.031667074074129609e+00 1.034349602166421356e+00 1.035352366428077930e+00 1.034964857877338495e+00 1.033660149216592883e+00 1.031498891082180513e+00 1.028727181868301699e+00 1.025392993583381429e+00 1.021657287909592648e+00 1.017577830370831382e+00 1.013277504580501587e+00 1.008783957677082066e+00 1.004266020365890189e+00 1.004263606593681857e+00
1.698255044437522454e-01 1.020213928426785266e+00 1.024170195476499678e+00 1.026859227312741041e+00 1.028163489707201617e+00 1.031824699159090031e+00 1.034494875713674045e+00 1.035460815611257246e+00 1.035028287381665635e+00 1.033675474340360889e+00 1.031466855114724357e+00 1.028656541214652886e+00 1.025294299892738792e+00 1.021544444242855398e+00 1.017468382024517171e+00 1.013196305140684705e+00 1.008752033470647014e+00 1.004304388297784234e+00 1.004301938928105820e+00
1.761012440422073944e-01 1.020177878512723790e+00 1.024130419306545470e+00 1.026814895748298540e+00 1.028116268524656318e+00 1.031761646713097225e+00 1.034414429484996845e+00 1.035366893748535633e+00 1.034923452311063530e+00 1.033565553379524271e+00 1.031362963066941640e+00 1.028566065526447471e+00 1.025220924230021202e+00 1.021497828542069719e+00 1.017459334201556098e+00 1.013222224241915326e+00 1.008814251206961998e+00 1.004404119210801083e+00 1.004401593343552168e+00
1.823997330750334323e-01 1.020211610393184642e+00 1.024150397106072363e+00 1.026819998029725456e+00 1.028111940574200078e+00 1.031722140593012149e+00 1.034322504712714696e+00 1.035222413822148635e+00 1.034745744582253657e+00 1.033366703496048755e+00 1.031150124115653988e+00 1.028351756246388859e+00 1.025025025515226451e+00 1.021322837502310010e+00 1.017310126170605677e+00 1.013111182190458148e+00 1.008740382827663762e+00 1.004366647851702155e+00 1.004364046716440750e+00
1.886505794152418258e-01 1.020187692512220856e+00 1.024127627495688975e+00 1.026793937456647265e+00 1.028082871597855386e+00 1.031680733877108347e+00 1.034263956334101620e+00 1.035151494957760931e+00 1.034661251221273170e+00 1.033269350691731647e+00 1.031049527829834389e+00 1.028250467294048454e+00 1.024928292712337097e+00 1.021243064675272372e+00 1.017250495931736332e+00 1.013078808925386598e+00 1.008751347239873031e+00 1.004430067425160944e+00 1.004427665969160666e+00
1.949080233860110145e-01 1.020192821839202679e+00 1.024106257147150867e+00 1.026755570501809434e+00 1.028033894075826682e+00 1.031597597258196997e+00 1.034155019350321281e+00 1.035026609661051866e+00 1.034544419947563298e+00 1.033168944246152687e+00 1.030972515226251440e+00 1.028209201693478514e+00 1.024920096022993388e+00 1.021269353718162964e+00 1.017319367877155711e+00 1.013187338495887158e+00 1.008901413549105452e+00 1.004624997241597484e+00 1.004622318291231942e+00
2.011423980633682551e-01 1.020277487556533691e+00 1.024236857765241648e+00 1.026927725676945569e+00 1.028232516302348021e+00 1.031902275486703102e+00 1.034593022110521732e+00 1.035582713442996461e+00 1.035170664548727748e+00 1.033837362678384553e+00 1.031647615760684644e+00 1.028855930897805582e+00 1.025513066291644293e+00 1.021793319518128573e+00 1.017755207544016827e+00 1.013527038525600554e+00 1.009135390438762991e+00 1.004750683822384527e+00 1.004748146931252917e+00
2.073952711124279202e-01 1.020209981759633955e+00 1.024120473924151176e+00 1.026769163346067604e+00 1.028048531307113045e+00 1.031621746827387165e+00 1.034200017426427642e+00 1.035095680038691901e+00 1.034627315712317586e+00 1.033271933191570957e+00 1.031095527693482783e+00 1.028344076609722935e+00 1.025073404424159396e+00 1.021439134929732484e+00 1.017497660376061486e+00 1.013373564617448430e+00 1.009087536219696490e+00 1.004804109903498999e+00 1.004801748867032440e+00
2.137387912274538171e-01 1.020330876598512404e+00 1.024286098914354959e+00 1.026962664956452054e+00 1.028254964207320432e+00 1.031863661700438639e+00 1.034434818911325493e+00 1.035297313168414224e+00 1.034780538772950287e+00 1.033368121869327583e+00 1.031132519095618427e+00 1.028331984377291342e+00 1.025020152453396394e+00 1.021367985396228084e+00 1.017427374540430751e+00 1.013323164017479128e+00 1.009075487927006298e+00 1.004846857890791867e+00 1.004844357036836833e+00
2.200329442788883927e-01 1.020459497685386685e+00 1.024475005368362446e+00 1.027207882691056451e+00 1.028531749651163674e+00 1.032230688245586725e+00 1.034899762752022223e+00 1.035821161938585977e+00 1.035326427052929654e+00 1.033902748230544066e+00 1.031638815554428490e+00 1.028793390848851130e+00 1.025427714063529061e+00 1.021709596357789129e+00 1.017697466491557901e+00 1.013527353877073267e+00 1.009215162749522943e+00 1.004934937655108218e+00 1.004932975590504096e+00
2.262928915227388205e-01 1.020506872492157990e+00 1.024535080861850300e+00 1.027274172380077788e+00 1.028602312553539955e+00 1.032325739318309399e+00 1.035022052573363993e+00 1.035970593288594976e+00 1.035495079957745146e+00 1.034092675695406305e+00 1.031842679290075004e+00 1.029004408112383473e+00 1.025643146978909792e+00 1.021938108811452306e+00 1.017945348961793339e+00 1.013791068591757050e+00 1.009499985086075080e+00 1.005241624496664654e+00 1.005239127316750913e+00
2.325983565681614684e-01 1.020630481185034411e+00 1.024701856700389824e+00 1.027481240726301426e+00 1.028831716594343249e+00 1.032627766799335101e+00 1.035406696814661576e+00 1.036412355452224210e+00 1.035963827784555535e+00 1.034566033521636674e+00 1.032299488199381443e+00 1.029433019245159064e+00 1.026027078020384398e+00 1.022268113148601332e+00 1.018226576760406177e+00 1.014041123258012211e+00 1.009730030956846658e+00 1.005464509813105423e+00 1.005462027772684674e+00
2.388889575828848644e-01 1.020623853486805954e+00 1.024693725335520611e+00 1.027470981976980280e+00 1.028820176578740808e+00 1.032621423660512905e+00 1.035401953534387243e+00 1.036416588673035655e+00 1.035982461525015053e+00 1.034601675752087058e+00 1.032346155773639307e+00 1.029490204243354912e+00 1.026090857153552083e+00 1.022333510556023395e+00 1.018288497225132483e+00 1.014099221559974451e+00 1.009787559304142546e+00 1.005528948438899617e+00 1.005526818562789471e+00
2.451217204984029174e-01 1.020630885620986916e+00 1.024688746456236865e+00 1.027457373519032879e+00 1.028802026142046522e+00 1.032590691705265407e+00 1.035365625502105535e+00 1.036378137574287983e+00 1.035948815656479560e+00 1.034587990653635714e+00 1.032356929614650642e+00 1.029531396225599860e+00 1.026170453240096592e+00 1.022447685333856437e+00 1.018428684915423155e+00 1.014255095342061264e+00 1.009947830551640502e+00 1.005686405313910292e+00 1.005684431602316575e+00
2.513735730109318833e-01 1.020687589438021181e+00 1.024788018774815290e+00 1.027588824996781725e+00 1.028951183717393691e+00 1.032787554427887944e+00 1.035591773856318287e+00 1.036597561604538420e+00 1.036134237308855344e+00 1.034717458123014078e+00 1.032420098916125628e+00 1.029533856095785405e+00 1.026126686597639504e+00 1.022376970492336890e+00 1.018360369895810580e+00 1.014227569633249670e+00 1.009994372154549458e+00 1.005834704712986305e+00 1.005832553632487913e+00
2.577068704519516196e-01 1.020698953918870444e+00 1.024789125963905256e+00 1.027587676530615335e+00 1.028948683320778601e+00 1.032780816101299903e+00 1.035582562064224943e+00 1.036588430849941345e+00 1.036134664390632620e+00 1.034722218047095854e+00 1.032446511728979832e+00 1.029593597790365855e+00 1.026219151095040250e+00 1.022508794120724485e+00 1.018533435047425995e+00 1.014424694741659971e+00 1.010201302296098502e+00 1.006037863471249239e+00 1.006035478017797136e+00
2.640202590165574015e-01 1.020744509624605723e+00 1.024775856492759374e+00 1.027510300838179402e+00 1.028834042880833799e+00 1.032529566048694836e+00 1.035181811602804425e+00 1.036099303656677240e+00 1.035611953617830761e+00 1.034218267892643262e+00 1.031991704043963010e+00 1.029211308699752525e+00 1.025924111545700068e+00 1.022301724386134536e+00 1.018413224971593145e+00 1.014397798690458430e+00 1.010268382723765512e+00 1.006201721857624243e+00 1.006199830946021612e+00
2.702896249217050517e-01 1.020677230820165260e+00 1.024727914173062526e+00 1.027483086592734240e+00 1.028818173463112773e+00 1.032566993101563080e+00 1.035268842992197458e+00 1.036208559702396448e+00 1.035728999610056045e+00 1.034324637033845029e+00 1.032085211273795045e+00 1.029293381619249992e+00 1.025996669662949445e+00 1.022377281056032539e+00 1.018498674493510947e+00 1.014492115643215175e+00 1.010384809193153988e+00 1.006341427826256352e+00 1.006339159641509884e+00
2.765613443273721161e-01 1.020831941562920120e+00 1.024945426500594170e+00 1.027760461190613039e+00 1.029129886814285078e+00 1.032998575331018021e+00 1.035846604379635938e+00 1.036893754551430069e+00 1.036467064706963814e+00 1.035071899578780652e+00 1.032792517526439857e+00 1.029924955205589576e+00 1.026539328218203373e+00 1.022831844887839514e+00 1.018872174214166204e+00 1.014807597747763745e+00 1.010659100017945233e+00 1.006600652018225350e+00 1.006598739058203185e+00
2.828696817722480827e-01 1.020988362339379840e+00 1.025128490879967824e+00 1.027949932355343376e+00 1.029316888545899644e+00 1.033141919036655310e+00 1.035901012136910770e+00 1.036851773786484632e+00 1.036357346271477908e+00 1.034923567278494883e+00 1.032636467779569189e+00 1.029784113548074087e+00 1.026433791402704410e+00 1.022769802575498321e+00 1.018865508680851795e+00 1.014860470932141601e+00 1.010774856137883315e+00 1.006781461040336945e+00 1.006779280331155713e+00
2.891484548613966754e-01 1.020938151538791638e+00 1.025089009789408090e+00 1.027932266144937046e+00 1.029316885260440406e+00 1.033226924209636355e+00 1.036107655470245525e+00 1.037173177253801759e+00 1.036741846431414205e+00 1.035343875199479013e+00 1.033059336665505867e+00 1.030192080508644858e+00 1.026810082298280413e+00 1.023115950106338046e+00 1.019181950940898806e+00 1.015147938383340165e+00 1.011040515778457438e+00 1.007030352085742653e+00 1.007028319770214786e+00
2.953521325173381618e-01 1.021061114811645743e+00 1.025242523087430246e+00 1.028097585425469473e+00 1.029483558790504905e+00 1.033369678681282267e+00 1.036160082594330678e+00 1.037107581324014038e+00 1.036582129377825456e+00 1.035117249029197550e+00 1.032810463899796138e+00 1.029956269589761497e+00 1.026623510708189801e+00 1.022996451039732024e+00 1.019142208703827324e+00 1.015202591157055467e+00 1.011201368236124498e+00 1.007303856204950110e+00 1.007301748024372667e+00
3.016073414663040242e-01 1.021151756258592114e+00 1.025367914883129616e+00 1.028259292797453428e+00 1.029668576112523493e+00 1.033638997957128991e+00 1.036540222100588826e+00 1.037563358723745832e+00 1.037072071882338076e+00 1.035590328520387571e+00 1.033231812503239366e+00 1.030304648689476910e+00 1.026887243311981779e+00 1.023184219614059254e+00 1.019282876253368997e+00 1.015331765786343432e+00 1.011349235229873189e+00 1.007499715818357178e+00 1.007497476499591205e+00
3.079380380657114613e-01 1.021171651434851890e+00 1.025349240981207277e+00 1.028196267567960565e+00 1.029576274800183100e+00 1.033440071865972643e+00 1.036204759127135944e+00 1.037124125406652331e+00 1.036569028747662990e+00 1.035090947787125515e+00 1.032785834094234856e+00 1.029947609736203029e+00 1.026640132281735118e+00 1.023048030812029108e+00 1.019249397247930844e+00 1.015393616366235374e+00 1.011487906319219920e+00 1.007698962319183433e+00 1.007696813601632435e+00
3.142758188292146815e-01 1.021049020470932156e+00 1.025220352005723923e+00 1.028075023790605558e+00 1.029466521813028113e+00 1.033407603053239976e+00 1.036307046952594790e+00 1.037373550253485988e+00 1.036929291744707493e+00 1.035508831883653391e+00 1.033197592691761146e+00 1.030316371216577931e+00 1.026948099048698326e+00 1.023305494966908480e+00 1.019469114776593077e+00 1.015583968427507644e+00 1.011679714990245893e+00 1.007919882486579155e+00 1.007917854291955795e+00
3.205460861690284657e-01 1.021205054479431329e+00 1.025401975066655647e+00 1.028275542417838251e+00 1.029674345084489406e+00 1.033595521942264117e+00 1.036438952779424882e+00 1.037431729763348631e+00 1.036921583185401508e+00 1.035459884552560883e+00 1.033140555133298166e+00 1.030285108687779783e+00 1.026974028491873581e+00 1.023394660739534778e+00 1.019615838613622705e+00 1.015794156641971258e+00 1.011939946856204475e+00 1.008223348353777693e+00 1.008221737563762765e+00
3.268125857401938394e-01 1.021271827536780030e+00 1.025481609682336703e+00 1.028360140997450989e+00 1.029760333863097621e+00 1.033715741412264189e+00 1.036609789502771939e+00 1.037683315001341811e+00 1.037258461415514921e+00 1.035870716051372931e+00 1.033611660619397021e+00 1.030778864630912839e+00 1.027452681826954484e+00 1.023837805282988622e+00 1.020017424405134765e+00 1.016149493093595479e+00 1.012256820283383707e+00 1.008520311967353589e+00 1.008518318423558435e+00
3.331235790942642661e-01 1.021207629607559841e+00 1.025394046616799226e+00 1.028251710432598776e+00 1.029642154529491815e+00 1.033553539816335132e+00 1.036387683633578582e+00 1.037383316920512222e+00 1.036884268938578879e+00 1.035434969142913220e+00 1.033129425846448290e+00 1.030293335778752928e+00 1.026994977519020136e+00 1.023439040757560869e+00 1.019725545560326907e+00 1.015993980337922986e+00 1.012259231728433795e+00 1.008685604834727689e+00 1.008683613192569828e+00
3.394044287142444771e-01 1.021378554153618001e+00 1.025602146415525384e+00 1.028492762567686736e+00 1.029898990746808796e+00 1.033867039695539836e+00 1.036778148785831410e+00 1.037850717344278362e+00 1.037408388203240328e+00 1.035992026215913908e+00 1.033718815217351095e+00 1.030877296825026823e+00 1.027559788323691548e+00 1.023975414490550406e+00 1.020224817657138461e+00 1.016452069064810004e+00 1.012676114853353848e+00 1.009063663699848901e+00 1.009061991689807147e+00
3.456389225992096970e-01 1.021384591793973229e+00 1.025652991277740345e+00 1.028582451733784708e+00 1.030011713581819643e+00 1.034044342664458327e+00 1.037021046213041364e+00 1.038128625020345197e+00 1.037696677093614239e+00 1.036271927274603044e+00 1.033945417873875394e+00 1.031058555913193953e+00 1.027704596962663253e+00 1.024100835242250929e+00 1.020348978570870813e+00 1.016607024468094034e+00 1.012895242937845275e+00 1.009385050910492243e+00 1.009383068641477532e+00
3.518805674449744791e-01 1.021483507595339901e+00 1.025773689850977499e+00 1.028706620877549049e+00 1.030129052721246108e+00 1.034102195053179463e+00 1.036915806427436415e+00 1.037830198481922928e+00 1.037282593052215818e+00 1.035818898701149182e+00 1.033547726412248124e+00 1.030776509498412929e+00 1.027554866767613095e+00 1.024072622975134905e+00 1.020422957706639044e+00 1.016752032788772464e+00 1.013066437676369391e+00 1.009552099450873319e+00 1.009550223201932218e+00
3.582029755837912721e-01 1.021705657691578173e+00 1.026015484607357031e+00 1.028950309530617391e+00 1.030365879860815959e+00 1.034301287399159719e+00 1.037069780187454437e+00 1.037968613949623364e+00 1.037410437361658389e+00 1.035948707812941016e+00 1.033669647045087903e+00 1.030890590173427324e+00 1.027679101240313697e+00 1.024222003190232266e+00 1.020605628206792570e+00 1.016991987479148651e+00 1.013394227231971811e+00 1.009984845309776169e+00 1.009982994117585076e+00
3.645115539318926068e-01 1.021639594865270118e+00 1.025932939525916687e+00 1.028871117206851205e+00 1.030295725295937270e+00 1.034305426658355120e+00 1.037209371525574353e+00 1.038221517549803297e+00 1.037714476100972671e+00 1.036241965744047810e+00 1.033914628512450751e+00 1.031069876147440834e+00 1.027795925166345548e+00 1.024303513200459870e+00 1.020695538808447322e+00 1.017114692988365432e+00 1.013581893070295559e+00 1.010260763117948102e+00 1.010259287146505258e+00
3.707638220461956791e-01 1.021715496352107344e+00 1.026002169802882280e+00 1.028927486390210255e+00 1.030346465212092832e+00 1.034325918462095650e+00 1.037204197315300780e+00 1.038218181713871369e+00 1.037726962018027832e+00 1.036288800700895241e+00 1.034015046026080631e+00 1.031231965668168993e+00 1.028011924512240549e+00 1.024560170256551661e+00 1.020966634362593828e+00 1.017387792708357219e+00 1.013838361675694966e+00 1.010511015632862941e+00 1.010509058781603464e+00
3.770538406945189158e-01 1.021664308181428060e+00 1.025998335650036841e+00 1.028977838616255358e+00 1.030431736002295873e+00 1.034533283329620801e+00 1.037506557198389689e+00 1.038557038301497704e+00 1.038044074422488805e+00 1.036551561772554919e+00 1.034196059014246938e+00 1.031325958167689461e+00 1.028053352444546764e+00 1.024579291914799795e+00 1.021002374190734807e+00 1.017480262614904429e+00 1.014030998210413648e+00 1.010829735502010163e+00 1.010828090358262932e+00
3.833585849945114754e-01 1.021746551515964274e+00 1.026125408348706802e+00 1.029139589868359517e+00 1.030606986144415371e+00 1.034717408120585880e+00 1.037611731240364099e+00 1.038514390678567434e+00 1.037877820123024986e+00 1.036296492996848784e+00 1.033910586515333740e+00 1.031069991684347098e+00 1.027863221711452058e+00 1.024485632093181886e+00 1.021026767462171136e+00 1.017635880142117033e+00 1.014294977972475031e+00 1.011189189838678670e+00 1.011187528125483404e+00
3.896511111060295685e-01 1.021877272435607331e+00 1.026281682593405575e+00 1.029308939241686094e+00 1.030783699697010336e+00 1.034925714351062842e+00 1.037909276983471685e+00 1.038924068117609512e+00 1.038375683514508374e+00 1.036845665157922980e+00 1.034458252742905815e+00 1.031586587794026677e+00 1.028319179831222785e+00 1.024879594956289663e+00 1.021357348813638044e+00 1.017916112149420682e+00 1.014566865179439503e+00 1.011489449475343694e+00 1.011487542664045947e+00
3.958767350353735170e-01 1.021897433686589141e+00 1.026292784540604242e+00 1.029308010049828859e+00 1.030770602386934298e+00 1.034871625256235772e+00 1.037806090745767129e+00 1.038796544757392581e+00 1.038251148733179141e+00 1.036732595053774464e+00 1.034370281595625496e+00 1.031542878339806624e+00 1.028346816465491864e+00 1.024989271774522814e+00 1.021567336183061059e+00 1.018230015182449488e+00 1.014991296125985487e+00 1.012027332794007917e+00 1.012025827596986227e+00
4.021123550664917334e-01 1.021930948487959290e+00 1.026347548072737759e+00 1.029374955179371609e+00 1.030844625486592170e+00 1.034965410058323432e+00 1.037899338985007969e+00 1.038853677530960029e+00 1.038269079251102456e+00 1.036724835695300495e+00 1.034363531000460634e+00 1.031542614992641660e+00 1.028356091931084348e+00 1.025007488797761379e+00 1.021590535548976941e+00 1.018291395432361135e+00 1.015096557342274997e+00 1.012187514154547552e+00 1.012185943597660565e+00
4.084534706459355680e-01 1.021946865983487829e+00 1.026315726279731111e+00 1.029305145781474584e+00 1.030753582735712826e+00 1.034823187387453602e+00 1.037781815682795816e+00 1.038847690328012829e+00 1.038385645285949899e+00 1.036956010570048159e+00 1.034674644692872736e+00 1.031913270251871406e+00 1.028753608649211948e+00 1.025409271498120001e+00 1.021988397793574199e+00 1.018687607971621389e+00 1.015511897165474853e+00 1.012633558191071259e+00 1.012631834749257109e+00
4.147693430455148822e-01 1.022121974725894056e+00 1.026573980494432936e+00 1.029629647387999558e+00 1.031114485379712953e+00 1.035265521063894134e+00 1.038202418777140368e+00 1.039130764044025934e+00 1.038516197103770411e+00 1.036952342341094013e+00 1.034582261286482341e+00 1.031760524643916543e+00 1.028586461464391366e+00 1.025281645560273125e+00 1.021934592655648011e+00 1.018733724573193555e+00 1.015680618207007502e+00 1.012951718874300688e+00 1.012950315611824470e+00
4.210541279197388409e-01 1.022229821479389900e+00 1.026692229640991716e+00 1.029759336166208961e+00 1.031252633044017708e+00 1.035437986629585971e+00 1.038392324485685858e+00 1.039301189060669373e+00 1.038647695385385594e+00 1.037028457226696787e+00 1.034615994529789473e+00 1.031791084679050563e+00 1.028665183393335125e+00 1.025416919143313565e+00 1.022138719167946741e+00 1.019008636176215177e+00 1.016006372871216534e+00 1.013286621557099920e+00 1.013285126024049632e+00
4.273285528543883660e-01 1.022158117727316462e+00 1.026578399233004424e+00 1.029620477173551540e+00 1.031104824129023267e+00 1.035298053215034875e+00 1.038343930428418105e+00 1.039352668370307597e+00 1.038761080520398616e+00 1.037164809430855428e+00 1.034737798488928107e+00 1.031878952415181683e+00 1.028713977773989985e+00 1.025472670431532674e+00 1.022241546572109971e+00 1.019201715309067557e+00 1.016319258610118403e+00 1.013746033745970498e+00 1.013744682936877251e+00
4.336210871857300031e-01 1.022368301342829300e+00 1.026820322279368147e+00 1.029852623175659287e+00 1.031320457675439561e+00 1.035395337718123532e+00 1.038258958109744112e+00 1.039138698961122653e+00 1.038510028255244411e+00 1.036952418583072966e+00 1.034615995070348848e+00 1.031862148017820280e+00 1.028785700179535523e+00 1.025604700628752086e+00 1.022419920174134633e+00 1.019417505629844678e+00 1.016588132373808406e+00 1.014109687076450550e+00 1.014108505403316318e+00
4.399178901492071248e-01 1.022463638417646870e+00 1.026933547377689271e+00 1.029974255132321437e+00 1.031442313386192744e+00 1.035497474813482421e+00 1.038295340651286258e+00 1.039118989289443684e+00 1.038450687619119961e+00 1.036867093053967182e+00 1.034524380634159524e+00 1.031804959966401869e+00 1.028794921777797855e+00 1.025701162576553527e+00 1.022612787580083893e+00 1.019693328618367589e+00 1.016911188267858535e+00 1.014459270183602602e+00 1.014457884303665347e+00
4.461481615369914944e-01 1.022332065250452393e+00 1.026828546875870440e+00 1.029918744644419126e+00 1.031422084965150310e+00 1.035624341111839763e+00 1.038599833979506393e+00 1.039543013166076113e+00 1.038930224009990688e+00 1.037338153996854473e+00 1.034942775941044557e+00 1.032166069066532188e+00 1.029097166639553640e+00 1.025944499343572902e+00 1.022824954201448033e+00 1.019907719179786953e+00 1.017189774346646258e+00 1.014846358446007013e+00 1.014845214860664591e+00
4.524185591367541615e-01 1.022455617538639006e+00 1.026965773037385343e+00 1.030061624399239317e+00 1.031562118420956242e+00 1.035756779921589210e+00 1.038695428593389813e+00 1.039626963578897945e+00 1.038992202837810908e+00 1.037409609265400601e+00 1.035051761927449743e+00 1.032305621025887854e+00 1.029258890468379262e+00 1.026127153505550949e+00 1.023029915433294468e+00 1.020171496167880276e+00 1.017531764264922201e+00 1.015270440338662983e+00 1.015269218754446534e+00
4.587151924004577719e-01 1.022583807648864029e+00 1.027118817594328881e+00 1.030204968227343532e+00 1.031694739142899664e+00 1.035821580954965349e+00 1.038676052636228642e+00 1.039554354751191623e+00 1.038944963617769224e+00 1.037425760167713040e+00 1.035124824500413432e+00 1.032447190070285847e+00 1.029490893763690629e+00 1.026445498704422254e+00 1.023419755939997344e+00 1.020607378141350052e+00 1.018018529360980695e+00 1.015820639226038269e+00 1.015819612717319131e+00
4.650253487526455620e-01 1.022496785111097761e+00 1.027014042232368585e+00 1.030116337183081709e+00 1.031623342621750927e+00 1.035852665333879985e+00 1.038882667960983497e+00 1.039881608197184448e+00 1.039295746921363506e+00 1.037721645621268118e+00 1.035339511388606137e+00 1.032557682816010125e+00 1.029493951650655159e+00 1.026396259012686940e+00 1.023370890148826762e+00 1.020619103376304571e+00 1.018156184465327740e+00 1.016115318836308790e+00 1.016114145949118974e+00
4.713138026405762626e-01 1.022652290416670162e+00 1.027230098727015539e+00 1.030373288441303270e+00 1.031901277966955410e+00 1.036177427245971838e+00 1.039166636765416207e+00 1.040068831412987116e+00 1.039374223661861496e+00 1.037724004723406201e+00 1.035292387712127171e+00 1.032517869173742664e+00 1.029521657668918344e+00 1.026527054225911950e+00 1.023612236398372177e+00 1.020954217819719734e+00 1.018532447096343274e+00 1.016516147704866757e+00 1.016515094747822312e+00
4.775801322871031096e-01 1.022763595300613337e+00 1.027364437535500885e+00 1.030515227826408475e+00 1.032045043975870380e+00 1.036276015427841646e+00 1.039193284975354459e+00 1.040062238415824680e+00 1.039375364352003173e+00 1.037742774613466867e+00 1.035328324305558434e+00 1.032577804464909876e+00 1.029582174538024475e+00 1.026589741266078271e+00 1.023725832760143284e+00 1.021160029482159448e+00 1.018879432798237783e+00 1.017025908354949548e+00 1.017025069172713403e+00
4.838809178367569630e-01 1.022723444989456221e+00 1.027313864213543315e+00 1.030472797019253983e+00 1.032014672536745614e+00 1.036323730892602990e+00 1.039360984393794096e+00 1.040284727248135921e+00 1.039596830365849156e+00 1.037935296131440088e+00 1.035498552640431447e+00 1.032734652792727248e+00 1.029766445580183598e+00 1.026828794353266794e+00 1.024017958531347583e+00 1.021508727704107278e+00 1.019281955941593765e+00 1.017515105575118151e+00 1.017514236665393534e+00
4.901499165155780435e-01 1.022858349818934975e+00 1.027452451667635769e+00 1.030592250438939761e+00 1.032106640308746881e+00 1.036274030031826721e+00 1.039051564046082676e+00 1.039745888057754142e+00 1.038971885691904129e+00 1.037341833111393496e+00 1.035031321260840853e+00 1.032456009570695832e+00 1.029690691023541493e+00 1.026920207678155617e+00 1.024255852277441869e+00 1.021871849039863944e+00 1.019751475942390906e+00 1.018058115415871656e+00 1.018057358984992611e+00
4.963993143780123241e-01 1.022865321526979621e+00 1.027461721441559561e+00 1.030619194177841980e+00 1.032158511225878206e+00 1.036459365690751033e+00 1.039483096065889844e+00 1.040401249294901520e+00 1.039697626105486439e+00 1.038028382861464038e+00 1.035584403370189754e+00 1.032824086157690280e+00 1.029887679662395250e+00 1.027017025156256258e+00 1.024306121616094689e+00 1.021960419261938480e+00 1.019955512770321926e+00 1.018443073825692213e+00 1.018442164065927136e+00
5.026659111298577010e-01 1.022970204664674476e+00 1.027588715116688700e+00 1.030753431400543318e+00 1.032286092567944236e+00 1.036548841450401603e+00 1.039497285853314468e+00 1.040358420940049822e+00 1.039649879177193315e+00 1.037986567260697823e+00 1.035541654111358012e+00 1.032794560855814670e+00 1.029897738159899934e+00 1.027073196887128725e+00 1.024427992435889445e+00 1.022155803923860073e+00 1.020223777662844000e+00 1.018776426613168029e+00 1.018775570643161599e+00
5.089643413427887841e-01 1.023009286667755591e+00 1.027671484433451576e+00 1.030867190722860149e+00 1.032417328555519376e+00 1.036710122301355730e+00 1.039673414570926990e+00 1.040566658470251538e+00 1.039896640218901380e+00 1.038308748260344583e+00 1.035948402121437573e+00 1.033265782439409808e+00 1.030381082756053557e+00 1.027550705317662016e+00 1.024897295625183169e+00 1.022627532361791269e+00 1.020732021740941242e+00 1.019363648442712655e+00 1.019362824157720393e+00
5.152747315442799403e-01 1.023111233983859947e+00 1.027771970110900712e+00 1.030961390818520673e+00 1.032505292338705916e+00 1.036800953983318507e+00 1.039787726613279117e+00 1.040659365248162160e+00 1.039926110265978032e+00 1.038234514488673987e+00 1.035793864827590838e+00 1.033077337404585849e+00 1.030198783235637849e+00 1.027405474595844970e+00 1.024840830933694935e+00 1.022700746255453153e+00 1.020956621371769124e+00 1.019730407083788259e+00 1.019730198434884105e+00
5.215661708673858810e-01 1.023085898143036854e+00 1.027826055244891457e+00 1.031079125521004336e+00 1.032654987062267660e+00 1.037002675368248417e+00 1.039890937742873334e+00 1.040564567581608202e+00 1.039717865117381734e+00 1.037977647875375942e+00 1.035554959033295530e+00 1.032947157899037238e+00 1.030209182819772584e+00 1.027551112652025145e+00 1.025107983838172920e+00 1.023080560638770287e+00 1.021446654114659847e+00 1.020331093074534845e+00 1.020330632711743402e+00
5.278286396879566800e-01 1.023207886928823251e+00 1.027865383381088904e+00 1.031038209527859406e+00 1.032570435380947949e+00 1.036797551879746093e+00 1.039652662490822443e+00 1.040422691952532341e+00 1.039645620724043207e+00 1.037965052489881135e+00 1.035586377484016829e+00 1.032996496934065478e+00 1.030282325396940424e+00 1.027701035103477434e+00 1.025361530116627673e+00 1.023444059810057594e+00 1.021907096024076589e+00 1.020915705274397567e+00 1.020915149278360579e+00
5.341160320652750260e-01 1.023302137197197759e+00 1.028013344848162314e+00 1.031224219181934521e+00 1.032774389464842679e+00 1.037042355985850151e+00 1.039915449463177488e+00 1.040701039367883274e+00 1.039971616536154331e+00 1.038327860211833320e+00 1.036000220282990103e+00 1.033403250269997020e+00 1.030655527594436682e+00 1.028025545459568146e+00 1.025652950332527125e+00 1.023729110709316270e+00 1.022239877752818105e+00 1.021306081479658179e+00 1.021305613781157584e+00
5.404304286902661403e-01 1.023304255038574029e+00 1.027989407332081218e+00 1.031209140920433809e+00 1.032772570638001541e+00 1.037141937582771956e+00 1.040203308634470858e+00 1.041147667297765533e+00 1.040452826795401409e+00 1.038767866687372976e+00 1.036334087340878174e+00 1.033664959146328277e+00 1.030901001702426711e+00 1.028282067754932916e+00 1.025935795943952344e+00 1.024062040359858372e+00 1.022636816908044199e+00 1.021804197449205143e+00 1.021803831418745423e+00
5.466976878455739319e-01 1.023377646980744071e+00 1.028154177520066659e+00 1.031427407171453980e+00 1.033009662943820350e+00 1.037380592601786500e+00 1.040306111250597576e+00 1.041059216645315644e+00 1.040242624811092087e+00 1.038527864641871634e+00 1.036136525296278421e+00 1.033546499166771548e+00 1.030868111091965744e+00 1.028333006700778984e+00 1.026078071965817795e+00 1.024327064745810478e+00 1.023046378251518451e+00 1.022374762689174821e+00 1.022374438410375674e+00
5.529595373159058580e-01 1.023475003171991693e+00 1.028232865631682147e+00 1.031471171672632359e+00 1.033024775240660276e+00 1.037255494673104739e+00 1.040008553873503550e+00 1.040643338364741100e+00 1.039787876362123109e+00 1.038071490993651036e+00 1.035718542851317370e+00 1.033219146352074125e+00 1.030639681204200020e+00 1.028217425406354524e+00 1.026106981473800195e+00 1.024524186405996629e+00 1.023411485415322675e+00 1.022879119411376214e+00 1.022878892072320189e+00
5.592440147746206014e-01 1.023578755532420281e+00 1.028324262526707278e+00 1.031529663776125094e+00 1.033070200558830365e+00 1.037300764521505325e+00 1.040167213002058055e+00 1.040995651658962906e+00 1.040290957095455271e+00 1.038684910123180982e+00 1.036364783416375612e+00 1.033825414575798796e+00 1.031215798290083807e+00 1.028759380856004935e+00 1.026600766693119171e+00 1.024968581226465725e+00 1.023846254630361718e+00 1.023386590245417338e+00 1.023386632514775574e+00
5.655545845518847869e-01 1.023547725048109536e+00 1.028294707675299957e+00 1.031534445510489562e+00 1.033102993156459704e+00 1.037457623569947529e+00 1.040368317705017809e+00 1.041075905227952791e+00 1.040216872642695911e+00 1.038504451500934955e+00 1.036152765589010372e+00 1.033642806724389684e+00 1.031110723092761638e+00 1.028773632853895226e+00 1.026748571363848006e+00 1.025257207202550758e+00 1.024281498426564463e+00 1.023935832439162308e+00 1.023935833956861829e+00
5.718545124332512497e-01 1.023527681441894988e+00 1.028267454039506701e+00 1.031495938107492627e+00 1.033048120192606945e+00 1.037298525703268526e+00 1.040119699644048490e+00 1.040851993267799536e+00 1.040100069073848443e+00 1.038485419845365909e+00 1.036210985050751932e+00 1.033769670695349641e+00 1.031268853874147240e+00 1.028957042672330680e+00 1.026990406956512336e+00 1.025584093828299181e+00 1.024692676781557177e+00 1.024432179565871959e+00 1.024432269179541777e+00
5.781226402320145397e-01 1.023582171306805400e+00 1.028401878490434296e+00 1.031720863617925366e+00 1.033334007889197936e+00 1.037831523949291457e+00 1.040916209395921666e+00 1.041687934810340499e+00 1.040743631903486177e+00 1.038863610350887479e+00 1.036335301874676373e+00 1.033754149279192625e+00 1.031224721711428760e+00 1.028964620470401714e+00 1.027086664657785198e+00 1.025776491352468511e+00 1.025031136713223434e+00 1.024961394845402829e+00 1.024961561747580241e+00
5.844054810026423352e-01 1.023830432263709289e+00 1.028643863379942403e+00 1.031906130596969229e+00 1.033466887806422374e+00 1.037726454387337682e+00 1.040581510398513654e+00 1.041332788436851065e+00 1.040556334901062252e+00 1.038852819426080654e+00 1.036489750939780352e+00 1.034005960058990370e+00 1.031541648350215556e+00 1.029339632552943584e+00 1.027509506284219221e+00 1.026284606029847613e+00 1.025628262774190169e+00 1.025661359905843284e+00 1.025661601768927289e+00
5.906692678833675991e-01 1.023826026354122343e+00 1.028683058893183677e+00 1.031998881446813066e+00 1.033594722286965473e+00 1.037962888518366933e+00 1.040817432217078009e+00 1.041498413444188254e+00 1.040689662459628906e+00 1.038982801945295797e+00 1.036629995634249068e+00 1.034144484914521378e+00 1.031654891452968625e+00 1.029429559241869407e+00 1.027643672098570216e+00 1.026502769161635298e+00 1.025971826948946397e+00 1.026156414074812950e+00 1.026156542955031226e+00
5.969160111309492756e-01 1.023841248330670695e+00 1.028702647429627248e+00 1.031994096326210641e+00 1.033573751421697162e+00 1.037878618667555264e+00 1.040686461932657236e+00 1.041361792528997965e+00 1.040551942362128557e+00 1.038881354538154778e+00 1.036547217549271149e+00 1.034094217006650940e+00 1.031662400694517201e+00 1.029556034423039446e+00 1.027893343404015614e+00 1.026853665412401417e+00 1.026410926844091520e+00 1.026680816590271883e+00 1.026681230579968407e+00
6.031708558297608214e-01 1.023853385629272639e+00 1.028730122295811622e+00 1.032070759733973553e+00 1.033685329370124029e+00 1.038100312679286930e+00 1.040938986591432025e+00 1.041485862311752442e+00 1.040478129099710491e+00 1.038640531347920781e+00 1.036292071708616813e+00 1.033912492618352719e+00 1.031598243792240410e+00 1.029584285343508654e+00 1.027992157182446409e+00 1.027084291664638993e+00 1.026808345775040765e+00 1.027268297351610071e+00 1.027268655983490486e+00
6.094688112237535149e-01 1.023997757575278333e+00 1.028912335067302841e+00 1.032272498264949157e+00 1.033892003159232686e+00 1.038302316381101376e+00 1.041053383339498817e+00 1.041504679650326226e+00 1.040478283575405172e+00 1.038695514493690020e+00 1.036381909976670235e+00 1.034039335890317046e+00 1.031776738340563382e+00 1.029805835787481083e+00 1.028266712122298365e+00 1.027396614494074489e+00 1.027176714044826245e+00 1.027699494058897711e+00 1.027699911584616821e+00
6.158118423264375974e-01 1.023959017661406179e+00 1.028822783681251352e+00 1.032144429488113246e+00 1.033742122173893607e+00 1.038123510087986645e+00 1.040997969156653102e+00 1.041670624937017342e+00 1.040809563662155712e+00 1.039103820027919900e+00 1.036784109742444171e+00 1.034401762808330405e+00 1.032127291112991507e+00 1.030184674005947043e+00 1.028708672849200312e+00 1.027921137389981254e+00 1.027782845158237590e+00 1.028415262864230684e+00 1.028415474144176889e+00
6.221022681713845870e-01 1.024079172353180356e+00 1.028954722501218777e+00 1.032272591645466253e+00 1.033868805931442258e+00 1.038245774724612547e+00 1.041097503720543438e+00 1.041720417501778684e+00 1.040785283847357467e+00 1.038978515682837944e+00 1.036611200758233542e+00 1.034237496346190222e+00 1.031978112229204436e+00 1.030092762932119044e+00 1.028718754559004855e+00 1.028094337995105967e+00 1.028178896050548241e+00 1.029029541076032173e+00 1.029030120007716764e+00
6.283660508217905338e-01 1.024049857348070081e+00 1.028892617387769270e+00 1.032182607964671650e+00 1.033763794187388063e+00 1.038085927343036508e+00 1.040906345200202088e+00 1.041469093838159221e+00 1.040482224668806577e+00 1.038661676779562004e+00 1.036325959672183661e+00 1.034024083356523294e+00 1.031847538415168186e+00 1.030083906351623169e+00 1.028853597172388890e+00 1.028342700312720348e+00 1.028530762682971167e+00 1.029482622552085669e+00 1.029483255986675783e+00
6.346461619227155015e-01 1.024042868726811495e+00 1.028872205474002932e+00 1.032154250251982486e+00 1.033737412759912822e+00 1.038066057003785625e+00 1.040964809065355823e+00 1.041739420262145055e+00 1.040986144555607451e+00 1.039354801586037436e+00 1.037071079883856051e+00 1.034727222913748079e+00 1.032493279180132451e+00 1.030656462854943944e+00 1.029362752273509152e+00 1.028839511993399070e+00 1.029044114525581755e+00 1.030085442362334458e+00 1.030086114950668819e+00
6.409396473976692876e-01 1.024190538028874942e+00 1.029091043924631022e+00 1.032393311548722048e+00 1.033970409555875047e+00 1.038240656843941734e+00 1.040996604565407990e+00 1.041661548860590036e+00 1.040902352014067667e+00 1.039326383511038232e+00 1.037165198676591515e+00 1.034942984461233229e+00 1.032799478895114920e+00 1.031042840307445418e+00 1.029832628327469690e+00 1.029404922606811823e+00 1.029729687780444269e+00 1.030917307228298663e+00 1.030918108668226862e+00
6.472371834330832296e-01 1.024238343863164591e+00 1.029205322943024914e+00 1.032557836370935345e+00 1.034159565934096969e+00 1.038484592688667441e+00 1.041247172336179805e+00 1.041844136712723357e+00 1.040930165293238785e+00 1.039136527488955686e+00 1.036836365351875955e+00 1.034608538199649486e+00 1.032568070379194625e+00 1.030932070792283328e+00 1.029872959709709823e+00 1.029642317785826711e+00 1.030162150500203877e+00 1.031521692713838423e+00 1.031522780841507725e+00
6.534767429514126702e-01 1.024328438354871196e+00 1.029268076640794227e+00 1.032636256954936993e+00 1.034251908307193268e+00 1.038608710790547285e+00 1.041326250568298084e+00 1.041779475000548238e+00 1.040747644856971021e+00 1.038945795496022617e+00 1.036652696035603283e+00 1.034487177304909133e+00 1.032533262337657520e+00 1.030992374187870375e+00 1.030020580609362746e+00 1.029868839914447998e+00 1.030501086246448095e+00 1.031989418266236136e+00 1.031990733768290092e+00
6.597637022409679197e-01 1.024291900058932114e+00 1.029219627493218381e+00 1.032539555019647004e+00 1.034121985701902613e+00 1.038408520369950017e+00 1.041126174577162944e+00 1.041724061209701402e+00 1.040923482337470007e+00 1.039327051458585727e+00 1.037201254883681090e+00 1.035097874102119064e+00 1.033121671263631747e+00 1.031559681714032894e+00 1.030588278029570981e+00 1.030450912601049263e+00 1.031137598995467863e+00 1.032722374440703028e+00 1.032723321644591685e+00
6.660751593608625898e-01 1.024449307464371239e+00 1.029422044196364405e+00 1.032765068837820710e+00 1.034353163179877466e+00 1.038592247152595016e+00 1.041162883577100517e+00 1.041577526199509940e+00 1.040619385395353147e+00 1.038954945562333698e+00 1.036823610273411189e+00 1.034769698170598273e+00 1.032949113048514889e+00 1.031596628791946246e+00 1.030795277896477513e+00 1.030794670919461753e+00 1.031629520039946790e+00 1.033368115685521449e+00 1.033369372668567099e+00
6.723401943305717943e-01 1.024382410637812324e+00 1.029302698631829882e+00 1.032635193280258434e+00 1.034228448296008906e+00 1.038562198887542642e+00 1.041346569369264063e+00 1.041895104903442393e+00 1.040970802839772613e+00 1.039257558901059308e+00 1.037073444097329045e+00 1.034996189616562479e+00 1.033119140842780892e+00 1.031730839610864869e+00 1.030990235640487196e+00 1.031139568427813069e+00 1.032119879325822387e+00 1.033999693544756848e+00 1.034000983664940643e+00
6.786079373829640993e-01 1.024422850817650721e+00 1.029448152594960586e+00 1.032844325377189287e+00 1.034467922818625985e+00 1.038808997835935610e+00 1.041465466144108953e+00 1.041895727579193132e+00 1.040866478500552805e+00 1.039054950672217315e+00 1.036821894491970930e+00 1.034717627720367350e+00 1.032882987339665881e+00 1.031577865581993159e+00 1.030974735106563012e+00 1.031301196097319073e+00 1.032481572293231675e+00 1.034586262607461782e+00 1.034587611982852096e+00
6.849135514418230875e-01 1.024663304643515405e+00 1.029704848886568325e+00 1.033094572437404102e+00 1.034701302274457113e+00 1.039016652579805911e+00 1.041745484087825746e+00 1.042193397932473342e+00 1.041121219100098916e+00 1.039264278353063897e+00 1.036937559522226104e+00 1.034814346721118161e+00 1.033019030362590129e+00 1.031794083750185775e+00 1.031281427147582086e+00 1.031717655227393227e+00 1.033061806841158337e+00 1.035381240048545815e+00 1.035382797180795178e+00
6.912250943479077980e-01 1.024582189700977919e+00 1.029654370976231581e+00 1.033102948885609162e+00 1.034751387550130186e+00 1.039137693101089610e+00 1.041699785484291985e+00 1.041931425079930085e+00 1.040763665579348407e+00 1.038918132246333226e+00 1.036736936039861057e+00 1.034808484035530052e+00 1.033237876700307423e+00 1.032202750674978464e+00 1.031865671291320563e+00 1.032428776249180169e+00 1.033812152255828787e+00 1.036156082571467074e+00 1.036157871726042901e+00
6.974710436131158486e-01 1.024639689283598720e+00 1.029763185897862865e+00 1.033227656220007340e+00 1.034870463684987252e+00 1.039215014077471855e+00 1.041707199344120038e+00 1.041922996127665479e+00 1.040808830888877212e+00 1.039033088191991805e+00 1.036894307756995204e+00 1.034967637464431212e+00 1.033363466455069934e+00 1.032334858214038142e+00 1.032001955796586490e+00 1.032577341860886788e+00 1.034074239603066436e+00 1.036557433959556018e+00 1.036559107898653131e+00
7.037307548900212373e-01 1.024672343533407304e+00 1.029696611068235956e+00 1.033066676787110394e+00 1.034665236354779028e+00 1.038924988786963155e+00 1.041519491817046283e+00 1.041920360962922842e+00 1.040874471971045434e+00 1.039081772153420680e+00 1.036904075597401498e+00 1.034944646692892434e+00 1.033344105878936325e+00 1.032372845308233478e+00 1.032170921179520695e+00 1.032945399271577802e+00 1.034622887861812446e+00 1.037294582367127127e+00 1.037296155406296938e+00
7.100217936516199924e-01 1.024583660474148950e+00 1.029630094446083444e+00 1.033046472138982708e+00 1.034663848413529319e+00 1.038988468244121943e+00 1.041520644241383797e+00 1.041878385895521175e+00 1.040835888135126952e+00 1.039072279694560397e+00 1.036925462140900533e+00 1.035029364255135809e+00 1.033530135202645361e+00 1.032620974904697952e+00 1.032496603643676236e+00 1.033322712786765907e+00 1.035056685290643541e+00 1.037831002301876415e+00 1.037832821536928574e+00
7.163250787242370077e-01 1.024747180278605674e+00 1.029765334268377686e+00 1.033161660803071369e+00 1.034786546119016437e+00 1.039173666976434207e+00 1.041920956893242378e+00 1.042369554229315876e+00 1.041312335875123063e+00 1.039420097443826130e+00 1.037087856508240646e+00 1.035053523135067710e+00 1.033497207833074638e+00 1.032645134764153205e+00 1.032628585673948995e+00 1.033638653618039971e+00 1.035595401009957950e+00 1.038567463537813484e+00 1.038569292458663806e+00
7.226009447591926760e-01 1.024832975686970959e+00 1.029915827333765410e+00 1.033332476053782090e+00 1.034954317542030822e+00 1.039238666861235894e+00 1.041738648145011936e+00 1.042044840605383937e+00 1.040993841999988900e+00 1.039224186249157356e+00 1.037089491961329379e+00 1.035223461407132950e+00 1.033756464773483152e+00 1.032928921170225278e+00 1.032939250918016860e+00 1.034027257570518277e+00 1.036104716345493504e+00 1.039218667183098965e+00 1.039220750180418040e+00
7.288716701068771453e-01 1.024857065336394202e+00 1.029967869274134085e+00 1.033386317944966493e+00 1.034993639432790546e+00 1.039217606374497782e+00 1.041715839777960007e+00 1.042112268641616213e+00 1.041142976451950197e+00 1.039380954331518225e+00 1.037185630462467145e+00 1.035248475726866957e+00 1.033790045570904814e+00 1.033044078339638405e+00 1.033186945195848860e+00 1.034403821560037073e+00 1.036621090362422670e+00 1.039896406292762476e+00 1.039898487204441446e+00
7.351879459163250807e-01 1.024872183881605725e+00 1.029993442839581164e+00 1.033436971561371376e+00 1.035066018120821330e+00 1.039381070702507959e+00 1.041898236613147954e+00 1.042269591539829898e+00 1.041308027831257643e+00 1.039596917343295512e+00 1.037437743001037305e+00 1.035547177163443244e+00 1.034020788984248984e+00 1.033173852132559078e+00 1.033247845033919976e+00 1.034491136792435428e+00 1.036826544588505872e+00 1.040320094347435997e+00 1.040322140434740250e+00
7.414685146977839647e-01 1.024952827456192095e+00 1.030045145316521360e+00 1.033473197023759838e+00 1.035106329572526240e+00 1.039431486607905963e+00 1.041848222309910588e+00 1.041871110045707871e+00 1.040665203734592703e+00 1.038929985473962869e+00 1.036945441390792144e+00 1.035279587350226516e+00 1.034020253511411580e+00 1.033455474239488137e+00 1.033793342906448975e+00 1.035261104674981780e+00 1.037789464495689984e+00 1.041451868173102424e+00 1.041454332289612816e+00
7.477104477723024445e-01 1.025021599033591801e+00 1.030084991915647175e+00 1.033428460591251152e+00 1.034992283048044248e+00 1.039025916794144688e+00 1.041281001853734400e+00 1.041660748745740994e+00 1.040881747806645441e+00 1.039429488585801531e+00 1.037519557564835937e+00 1.035791879718024777e+00 1.034486659253951890e+00 1.033887622869523293e+00 1.034185689347680848e+00 1.035633727667252035e+00 1.038169864781786300e+00 1.041872468647907057e+00 1.041874642201072731e+00
7.539885226758882286e-01 1.025001127595596140e+00 1.030182374917875121e+00 1.033679848229925868e+00 1.035335225465610298e+00 1.039691334486098073e+00 1.042072340930018770e+00 1.042135028875516012e+00 1.040943042911394611e+00 1.039116133096043448e+00 1.037005695051284038e+00 1.035292639669074033e+00 1.034059451870099622e+00 1.033582507399932959e+00 1.034120335500734900e+00 1.035867827817543718e+00 1.038704518958674550e+00 1.042673762606749710e+00 1.042676215842985421e+00
7.602914782916944114e-01 1.025094728060144122e+00 1.030269375862335801e+00 1.033761591508884470e+00 1.035421300042391746e+00 1.039783510071878192e+00 1.042131887538866986e+00 1.042026651039279717e+00 1.040606607191281618e+00 1.038751380855529094e+00 1.036770387973787066e+00 1.035245321714590716e+00 1.034260695671396446e+00 1.034037519457021714e+00 1.034714945196460789e+00 1.036484919119608605e+00 1.039339093427143590e+00 1.043372710481500487e+00 1.043375086270559304e+00
7.665892437025125794e-01 1.025138464114442760e+00 1.030336644465847495e+00 1.033824236798426277e+00 1.035460966856776688e+00 1.039667990690432475e+00 1.041721250385139408e+00 1.041588322838868486e+00 1.040478748474870097e+00 1.038995550276885060e+00 1.037292592411470871e+00 1.035925733258763248e+00 1.034938036641311010e+00 1.034560661948880300e+00 1.035109491240324919e+00 1.036875630812645444e+00 1.039813502814197266e+00 1.043957574703777258e+00 1.043960127163210627e+00
7.728738187058056264e-01 1.025198335137562200e+00 1.030460689877460645e+00 1.033998278213823951e+00 1.035666059825391061e+00 1.039939145620265570e+00 1.042029294705620668e+00 1.041717985472546237e+00 1.040396082543651568e+00 1.038755207157499694e+00 1.037019456211828894e+00 1.035617266749813137e+00 1.034683634660716445e+00 1.034517632535060683e+00 1.035310898070317842e+00 1.037282811575793273e+00 1.040436188696778341e+00 1.044829021543314918e+00 1.044831967253199823e+00
7.791494140893913123e-01 1.025192253613159687e+00 1.030354717844689683e+00 1.033798723580347190e+00 1.035419574428953826e+00 1.039661918326674650e+00 1.041993941225366038e+00 1.042057611990508725e+00 1.040792644843266945e+00 1.038911148520058170e+00 1.036887289965748415e+00 1.035404014910964676e+00 1.034570219781561162e+00 1.034541780058229721e+00 1.035447868010224814e+00 1.037579169541103408e+00 1.040848193575433012e+00 1.045374014610004343e+00 1.045376836177451807e+00
7.854515901778583720e-01 1.025242822278016774e+00 1.030482001515388601e+00 1.034002152472708769e+00 1.035668512814526876e+00 1.040013828786814143e+00 1.042391671264016884e+00 1.042347441900409288e+00 1.040964213669524296e+00 1.039016086931186411e+00 1.036941406295865731e+00 1.035405502354811880e+00 1.034574935767699211e+00 1.034617612665810205e+00 1.035708451626609738e+00 1.038008312288232649e+00 1.041414559127306072e+00 1.046049200374324029e+00 1.046052126690779849e+00
7.917409748104085043e-01 1.025248240843362080e+00 1.030323540986770370e+00 1.033690377620269052e+00 1.035274458660514263e+00 1.039490812720584412e+00 1.041956492182591010e+00 1.042111416908855226e+00 1.040926709155530983e+00 1.039138355482023934e+00 1.037178805031030659e+00 1.035742144676672138e+00 1.034959705664487029e+00 1.035060123257963705e+00 1.036201485262223443e+00 1.038593565474807967e+00 1.042197523248764801e+00 1.047051169816483718e+00 1.047054179649197891e+00
7.979940385111662371e-01 1.025285396336186983e+00 1.030404967493894430e+00 1.033820510234289003e+00 1.035437768103074863e+00 1.039725878967322936e+00 1.042118755976041866e+00 1.042225830502727435e+00 1.040991765140765857e+00 1.039096721211172580e+00 1.037034489018356487e+00 1.035565981893319831e+00 1.034780948625006802e+00 1.034975699433863472e+00 1.036299194425130743e+00 1.038923770226062082e+00 1.042779841078259828e+00 1.047892827861376830e+00 1.047895984009813430e+00
8.042571846768763466e-01 1.025201538381723232e+00 1.030442091152329098e+00 1.033967598540942889e+00 1.035632229045403641e+00 1.039940613160602823e+00 1.042200492676317314e+00 1.042044605203937380e+00 1.040697944519984652e+00 1.038911203041273934e+00 1.036997661263015402e+00 1.035616453106822821e+00 1.034887269105625895e+00 1.035107021949132955e+00 1.036490518941839856e+00 1.039203369929066145e+00 1.043145568734017647e+00 1.048364473232179961e+00 1.048367648947369446e+00
8.105619462845171652e-01 1.025368220721003754e+00 1.030636636460797062e+00 1.034171879339298661e+00 1.035848762547405322e+00 1.040254130141311961e+00 1.042625012253016514e+00 1.042502666970466896e+00 1.041105678908525345e+00 1.039162769005541609e+00 1.037091081938622317e+00 1.035598649281277428e+00 1.034864174694414940e+00 1.035127877361798010e+00 1.036651799201326218e+00 1.039603673252325722e+00 1.043773866497887060e+00 1.049182998602823380e+00 1.049186266471274331e+00
8.168641867275381330e-01 1.025535631278366111e+00 1.030782142718544625e+00 1.034252608236489568e+00 1.035874087410290745e+00 1.040014123375504251e+00 1.042017660162697146e+00 1.041770336808247155e+00 1.040566091886547362e+00 1.038981917501749397e+00 1.037235735026405870e+00 1.035959920782567600e+00 1.035341319111716452e+00 1.035673718339116700e+00 1.037180128065596563e+00 1.040093510438079072e+00 1.044304218863756573e+00 1.049908082987168978e+00 1.049911620419314406e+00
8.231256696255031535e-01 1.025414069400498285e+00 1.030696943612887884e+00 1.034240415744945851e+00 1.035909851574754015e+00 1.040288249992117331e+00 1.042564180404951468e+00 1.042312622509102837e+00 1.040848339754351759e+00 1.038966548166990744e+00 1.037104008250822273e+00 1.035891786128644743e+00 1.035397935283387749e+00 1.035858115754053399e+00 1.037492988560047680e+00 1.040563931568214695e+00 1.044900224648230180e+00 1.050554332383753620e+00 1.050557596446488828e+00
8.294110748726144511e-01 1.025408521391079519e+00 1.030637725797423299e+00 1.034122635446001581e+00 1.035761566921101773e+00 1.040025189505649816e+00 1.042300938041672786e+00 1.042253093960036958e+00 1.040994738696051636e+00 1.039182108608728727e+00 1.037298131311113591e+00 1.036056788026442854e+00 1.035603114106965039e+00 1.036147214666506056e+00 1.037881405195667739e+00 1.041041849786625839e+00 1.045531503582146193e+00 1.051386387829285951e+00 1.051389887822657743e+00
8.357113707437004990e-01 1.025528650951379683e+00 1.030785875442081556e+00 1.034284360160803162e+00 1.035922416079424480e+00 1.040136217378534456e+00 1.042226722450851462e+00 1.041824547294617265e+00 1.040306736550558275e+00 1.038481566682105006e+00 1.036730489752800466e+00 1.035699530783946054e+00 1.035495542520893819e+00 1.036245917114259063e+00 1.038160244589416914e+00 1.041456773039631356e+00 1.046124207561278885e+00 1.052165304862266337e+00 1.052168822184691210e+00
8.419948002460609926e-01 1.025448366755759011e+00 1.030771491532323614e+00 1.034322038760930429e+00 1.035992810435515610e+00 1.040251369117532576e+00 1.042346880567317502e+00 1.042007321893962501e+00 1.040613455135435350e+00 1.038913465096192201e+00 1.037249210637399832e+00 1.036213868287929607e+00 1.035888198386425874e+00 1.036547727971846911e+00 1.038461094517889372e+00 1.041854239933422077e+00 1.046619013105782425e+00 1.052750418551951173e+00 1.052754138728563937e+00
8.482593350903800955e-01 1.025669058766029318e+00 1.030976362595363183e+00 1.034497534421171538e+00 1.036136952205141126e+00 1.040354138199411915e+00 1.042402742805782045e+00 1.042026375253481962e+00 1.040595592953698745e+00 1.038803741996720431e+00 1.037015226006633872e+00 1.035908109377645436e+00 1.035561630645972508e+00 1.036338222567885214e+00 1.038458815168284977e+00 1.042060843445468121e+00 1.047118921448316975e+00 1.053635794955267935e+00 1.053639877097835020e+00
8.545301115901441369e-01 1.025685460128553217e+00 1.030976261458898424e+00 1.034457971312268576e+00 1.036097146386844470e+00 1.040418968698165969e+00 1.042817803564461743e+00 1.042623339351078871e+00 1.040970068171498619e+00 1.038858618193579941e+00 1.036931958719104596e+00 1.035904521215166962e+00 1.035827315075899424e+00 1.036818130137232563e+00 1.039031264800232890e+00 1.042684943501242412e+00 1.047746443322330245e+00 1.054279042200401806e+00 1.054282964539383638e+00
8.608435414229801408e-01 1.025692625847798300e+00 1.031007524747227011e+00 1.034492550873252981e+00 1.036115060711453761e+00 1.040278306225954186e+00 1.042380974723061460e+00 1.042011232182309177e+00 1.040464311496727579e+00 1.038587117519312875e+00 1.036868420275892877e+00 1.035938590602159648e+00 1.035867712451235878e+00 1.036896373222657042e+00 1.039269497561430056e+00 1.043208361622492752e+00 1.048539309361349314e+00 1.055263851845474443e+00 1.055268061857203676e+00
8.671393362117422177e-01 1.025646211946948494e+00 1.030999301542540270e+00 1.034503271250848178e+00 1.036119245276234002e+00 1.040200482649395131e+00 1.042289229174937715e+00 1.042190444404807126e+00 1.040849712330679910e+00 1.038998562211927768e+00 1.037200426705185530e+00 1.036197449644908897e+00 1.036134913775336175e+00 1.037177858837863287e+00 1.039615238652660034e+00 1.043600211808113354e+00 1.049001592431091812e+00 1.055881274495022559e+00 1.055885484013336928e+00
8.733948081113820372e-01 1.025599088353951860e+00 1.030883083584518189e+00 1.034426521101461161e+00 1.036088897727327263e+00 1.040325696967736357e+00 1.042307588445431588e+00 1.041928752426407367e+00 1.040546053213922795e+00 1.038866112410412601e+00 1.037263622197821311e+00 1.036337945908025304e+00 1.036188759183530372e+00 1.037206987448151763e+00 1.039703234859183478e+00 1.043868502020543154e+00 1.049528386938920255e+00 1.056710111104948169e+00 1.056714667873710489e+00
8.796646205952306508e-01 1.025887109210476655e+00 1.031179098150365903e+00 1.034599884720430740e+00 1.036181595773612463e+00 1.040138089312174996e+00 1.042096113928228984e+00 1.041919164011473997e+00 1.040657033283423738e+00 1.038956371502003595e+00 1.037293243176209634e+00 1.036412691305381495e+00 1.036371470361742375e+00 1.037472488915351709e+00 1.040069371024200384e+00 1.044350675694499797e+00 1.050131179588693398e+00 1.057461915419299014e+00 1.057466407664301666e+00
8.859565087287600837e-01 1.025684791582590183e+00 1.031004354103575826e+00 1.034573044806699871e+00 1.036260309613313169e+00 1.040607930933294289e+00 1.042599445562607308e+00 1.041928667694623334e+00 1.040108710440421858e+00 1.037983578740548252e+00 1.036265413184296991e+00 1.035706593000083720e+00 1.036152095466834400e+00 1.037648139205132658e+00 1.040487398918658934e+00 1.044901201061227747e+00 1.050766969428870157e+00 1.058184678596362227e+00 1.058189092887002802e+00
8.922534924202312201e-01 1.025879090314350206e+00 1.031234718565358088e+00 1.034779476410680576e+00 1.036429197196738761e+00 1.040545470723045041e+00 1.042472123164733144e+00 1.042111568431205670e+00 1.040608500518515278e+00 1.038634364156990619e+00 1.036826274214740939e+00 1.035996963517344049e+00 1.036238356164295382e+00 1.037698810294190421e+00 1.040584261102612151e+00 1.045181107331613068e+00 1.051361364772392726e+00 1.059092109928865044e+00 1.059096860224223446e+00
8.985217857854136403e-01 1.025597760051838447e+00 1.030933883529072448e+00 1.034534975018085001e+00 1.036241206722604780e+00 1.040650883151187145e+00 1.042615376889653778e+00 1.042073769793804727e+00 1.040521357531532409e+00 1.038678132260192122e+00 1.037107233867566647e+00 1.036438808142623236e+00 1.036706446048643038e+00 1.038160483676863199e+00 1.041103726167534882e+00 1.045793423600682948e+00 1.052059906821170898e+00 1.059905582261065460e+00 1.059910482594936809e+00
9.047744920414614311e-01 1.025785412055165047e+00 1.031126252509122931e+00 1.034689776900128200e+00 1.036372509315231394e+00 1.040725780649687016e+00 1.042782018406056110e+00 1.042299170961618726e+00 1.040700087438820587e+00 1.038689838581582592e+00 1.036831266990709155e+00 1.036047491780965668e+00 1.036426123374836417e+00 1.038074730687351455e+00 1.041225899356409190e+00 1.046095526185433888e+00 1.052487075187699794e+00 1.060489747903406776e+00 1.060494785282299457e+00
9.110610772062064378e-01 1.025791115258643416e+00 1.031077209054760635e+00 1.034584867138594433e+00 1.036233253703979784e+00 1.040487026929719061e+00 1.042463283368833649e+00 1.041914961094858816e+00 1.040330997578748251e+00 1.038390583139375822e+00 1.036779939483397639e+00 1.036159362787940186e+00 1.036628829334773183e+00 1.038416482934932050e+00 1.041736243957670505e+00 1.046732369027391751e+00 1.053273168893196443e+00 1.061471567171118346e+00 1.061476698353950088e+00
9.173652030728716156e-01 1.025882033141972682e+00 1.031277673485484714e+00 1.034817223502078054e+00 1.036456142845766148e+00 1.040593274756838271e+00 1.042623844284026990e+00 1.042249477518518264e+00 1.040629600397527055e+00 1.038600598715991641e+00 1.036797287557567060e+00 1.036092466260366773e+00 1.036558683624340116e+00 1.038431431245995906e+00 1.041905764825160841e+00 1.047053050945815800e+00 1.053756342666946733e+00 1.062117358382139720e+00 1.062122328441904351e+00
9.236564978724189912e-01 1.025974543461195987e+00 1.031322544000591979e+00 1.034782805838938780e+00 1.036373384672439446e+00 1.040373107634027239e+00 1.042381712406450722e+00 1.042057099144240384e+00 1.040607473156788254e+00 1.038650847759953866e+00 1.036922368337417355e+00 1.036338677145202780e+00 1.036956071455567230e+00 1.038938692347917137e+00 1.042512187154902126e+00 1.047796763129611897e+00 1.054630945250072616e+00 1.063115437370387717e+00 1.063120577084907481e+00
9.299448038968107788e-01 1.025900371469033567e+00 1.031295632310034405e+00 1.034845201043991691e+00 1.036493631631726808e+00 1.040615877963123381e+00 1.042482717330927455e+00 1.042022864226098022e+00 1.040446042335628540e+00 1.038487462489903645e+00 1.036798096239776035e+00 1.036221148229887978e+00 1.036845051810916241e+00 1.038855759411102531e+00 1.042528526350295026e+00 1.048040837444034201e+00 1.055191834806581630e+00 1.063992218621786279e+00 1.063997272646231007e+00
9.362445064485998003e-01 1.025984013465086386e+00 1.031394582022020945e+00 1.034919343415253712e+00 1.036527676978033830e+00 1.040534627261565870e+00 1.042285705032086618e+00 1.041627957098846036e+00 1.040047515378063725e+00 1.038349013368218943e+00 1.036955405800918495e+00 1.036591540374644627e+00 1.037304999530732186e+00 1.039406517245278216e+00 1.043144951461147940e+00 1.048663728310735177e+00 1.055795933795600883e+00 1.064609743455289248e+00 1.064615174140187914e+00
9.425390102875164100e-01 1.025981313096107295e+00 1.031445834422357599e+00 1.035070677160216723e+00 1.036743579788323766e+00 1.040808920540622573e+00 1.042301244146823569e+00 1.041533407838181713e+00 1.040047002275107824e+00 1.038441212038689443e+00 1.037057418046368307e+00 1.036587938035774314e+00 1.037127917391368115e+00 1.039064534613312496e+00 1.042917880571599287e+00 1.048808743284099787e+00 1.056372140234552282e+00 1.065540481725408606e+00 1.065545820447816094e+00
9.488116425969939094e-01 1.025946093446413521e+00 1.031335267830755908e+00 1.034904281208410604e+00 1.036564807239867436e+00 1.040809860085624372e+00 1.042624673322404494e+00 1.041854205644651143e+00 1.040201527435292261e+00 1.038407462110244150e+00 1.036962270408025466e+00 1.036548028480408279e+00 1.037302474588641887e+00 1.039483850193991810e+00 1.043425307925443413e+00 1.049266253398177362e+00 1.056855460267513536e+00 1.066187317713845673e+00 1.066193039715150670e+00
9.550714374598537892e-01 1.026057244040259109e+00 1.031408482143279182e+00 1.034878244765274458e+00 1.036479732233629880e+00 1.040503210524680533e+00 1.042333923164333154e+00 1.041950556130828209e+00 1.040499826701001274e+00 1.038504664553916657e+00 1.036747116839894289e+00 1.036251696629356456e+00 1.037107585585466785e+00 1.039506286808748348e+00 1.043686125806586151e+00 1.049742925841816055e+00 1.057439579383170569e+00 1.066885071487740477e+00 1.066890798256947770e+00
9.613552636148307018e-01 1.026052841383660930e+00 1.031412921527545823e+00 1.034885729802200283e+00 1.036495108007319033e+00 1.040655255114829814e+00 1.042705041184297743e+00 1.042093650014687567e+00 1.040178749692810989e+00 1.038088893249424549e+00 1.036604982738743130e+00 1.036476357403446125e+00 1.037603395181371901e+00 1.040066066804287592e+00 1.044172545063964508e+00 1.050200297442779984e+00 1.058061843296349558e+00 1.067752646191638677e+00 1.067758319887261109e+00
9.676548604748713700e-01 1.026141385964922881e+00 1.031571048324113171e+00 1.035054487194141171e+00 1.036628002474591526e+00 1.040492734329068414e+00 1.042137826090600905e+00 1.041481539791650146e+00 1.039942675603446887e+00 1.038285757060815273e+00 1.036910098392594737e+00 1.036600854110419245e+00 1.037496001080866481e+00 1.039860303918014761e+00 1.044230050170253721e+00 1.050683364539898745e+00 1.058887437576085278e+00 1.068789745790108325e+00 1.068795651023420890e+00
9.739319897320198871e-01 1.026049946814977964e+00 1.031449143966453263e+00 1.034996982544282407e+00 1.036649403984225559e+00 1.040834551042140843e+00 1.042505074449594948e+00 1.041443567141046023e+00 1.039641596060319362e+00 1.037977308987889202e+00 1.036883810400472727e+00 1.036888103104287140e+00 1.037993972914284191e+00 1.040477524725038627e+00 1.044832591385036702e+00 1.051292345039065879e+00 1.059580651889830749e+00 1.069659786673782254e+00 1.069665682640763560e+00
9.801989291478477861e-01 1.026105176841886735e+00 1.031511752880857724e+00 1.035024327668115252e+00 1.036633561152909389e+00 1.040619314392513317e+00 1.042389615323611851e+00 1.041732593918152761e+00 1.039933215494338814e+00 1.037973199528339441e+00 1.036621977240121284e+00 1.036608289497792157e+00 1.037818029215449522e+00 1.040442584630709932e+00 1.044915938403008671e+00 1.051487212975497076e+00 1.059940267458435503e+00 1.070251879191058464e+00 1.070258287402696906e+00
9.864886628427461668e-01 1.026299966768910110e+00 1.031739914147701942e+00 1.035254962777506282e+00 1.036847196175043617e+00 1.040650167107143753e+00 1.042160329049005352e+00 1.041583803319567014e+00 1.039949874435881938e+00 1.038040612579295363e+00 1.036684941114630831e+00 1.036667801408369893e+00 1.037909862776993153e+00 1.040599666314998117e+00 1.045280359023413208e+00 1.052051664283721433e+00 1.060660533637659997e+00 1.071174951150859034e+00 1.071180969675683992e+00
9.927793936164199806e-01 1.026270324874143824e+00 1.031615839486992314e+00 1.035054727343517333e+00 1.036628151002045861e+00 1.040574479787949258e+00 1.042432074701621358e+00 1.041927070952229251e+00 1.040201605264847284e+00 1.038069799447822295e+00 1.036367513184629940e+00 1.036168774369828016e+00 1.037519843908688788e+00 1.040530831163446690e+00 1.045529413500169591e+00 1.052630511886995857e+00 1.061534390279814000e+00 1.072248645915269138e+00 1.072254744857134012e+00
9.990361166530091763e-01 1.026171813050700266e+00 1.031572648498253919e+00 1.035065615906425984e+00 1.036672722973551952e+00 1.040645043917684642e+00 1.042341756810917452e+00 1.041775352900979223e+00 1.040139916870851833e+00 1.038107713218440420e+00 1.036501908926228177e+00 1.036424275852594556e+00 1.037842541683517306e+00 1.040886695432807096e+00 1.045871680211778232e+00 1.052989763758586106e+00 1.062039580763292301e+00 1.072958597144870074e+00 1.072965092572298884e+00
1.005310172388236056e+00 1.026370388501471442e+00 1.031840075671401236e+00 1.035378975281672664e+00 1.037005659884129960e+00 1.040983068440790804e+00 1.042281732527608140e+00 1.041171667138519163e+00 1.039468120885532976e+00 1.037842205542362173e+00 1.036744572115103180e+00 1.036921430249294840e+00 1.038307305571308792e+00 1.041199987877362343e+00 1.046100955026362245e+00 1.053264426718393931e+00 1.062426043477735060e+00 1.073570758155583560e+00 1.073577340408970349e+00
1.011625805491854102e+00 1.026419434371986128e+00 1.031788791883880396e+00 1.035186663896031867e+00 1.036716101382674449e+00 1.040512896895036343e+00 1.042204983107709815e+00 1.041612455262776793e+00 1.040006036544383505e+00 1.038147217222720409e+00 1.036698181664236218e+00 1.036714220535439601e+00 1.038235122665222443e+00 1.041411619968342528e+00 1.046596967658290023e+00 1.053921098744992291e+00 1.063135943888518620e+00 1.074350213599869930e+00 1.074356840931534718e+00
1.017917766942204150e+00 1.026266705503676269e+00 1.031773111378544883e+00 1.035309876805174056e+00 1.036904793806074254e+00 1.040753435132139915e+00 1.042209224720900274e+00 1.041452143312955769e+00 1.039776895527632972e+00 1.037884163675782068e+00 1.036532510279544406e+00 1.036725444440150579e+00 1.038359480676698032e+00 1.041562538562933238e+00 1.046833491327176180e+00 1.054358656146720863e+00 1.063796343889001905e+00 1.075145631570285198e+00 1.075152381721246497e+00
1.024197689983066040e+00 1.026403311269073138e+00 1.031855224970728235e+00 1.035349553675270595e+00 1.036927348151237105e+00 1.040702081265428625e+00 1.042088666711435296e+00 1.041291615783624280e+00 1.039601821195161424e+00 1.037791097086919079e+00 1.036621724667192268e+00 1.037019455752882457e+00 1.038795347096626243e+00 1.042024878463964521e+00 1.047260896474871084e+00 1.054789617786290767e+00 1.064381560771535007e+00 1.076023457455603793e+00 1.076030399642027735e+00
1.030472573734562358e+00 1.026325293534842809e+00 1.031812535756502669e+00 1.035366261026165136e+00 1.036991240484148813e+00 1.041012117310848417e+00 1.042439914319616578e+00 1.041312518549730726e+00 1.039510415096938534e+00 1.037650233411709033e+00 1.036320099938810024e+00 1.036590459410001275e+00 1.038521494088927133e+00 1.042122930387739510e+00 1.047728101505324361e+00 1.055548381649875189e+00 1.065390343060477640e+00 1.077189961592750489e+00 1.077196827977713101e+00
1.036757776698311151e+00 1.026361399252347928e+00 1.031785728101989985e+00 1.035244924301983893e+00 1.036808918634871013e+00 1.040651282580726811e+00 1.042098845742988500e+00 1.041031662981958039e+00 1.039354353082507565e+00 1.037737442550853428e+00 1.036606759575701586e+00 1.036943133079238022e+00 1.038816551799840449e+00 1.042203454611758007e+00 1.047744097070024027e+00 1.055707042133082973e+00 1.065712455608281095e+00 1.077665430519067380e+00 1.077672582148162750e+00
1.043033361905228329e+00 1.026362469229522789e+00 1.031816406265922303e+00 1.035337291810383142e+00 1.036942767265503162e+00 1.040874968744764262e+00 1.042325964513547865e+00 1.041325078450263009e+00 1.039558871146916141e+00 1.037655507989322601e+00 1.036320786243400960e+00 1.036621480253044458e+00 1.038649286013793249e+00 1.042396923980739798e+00 1.048199143410968759e+00 1.056236219252086439e+00 1.066362847413323545e+00 1.078567720220572568e+00 1.078574932848808343e+00
1.049301684494551079e+00 1.026504934453857709e+00 1.032101028744496274e+00 1.035644537219389649e+00 1.037200075884429085e+00 1.040730015439599976e+00 1.041873179361993529e+00 1.040984446725766732e+00 1.039298528670612454e+00 1.037512417530457087e+00 1.036463005765692280e+00 1.037076281589882853e+00 1.039246720492443821e+00 1.042947203683862734e+00 1.048698505191565378e+00 1.056853552862082157e+00 1.067180335905146826e+00 1.079592135404561004e+00 1.079599416677262669e+00
1.055593059295673708e+00 1.026348807115305517e+00 1.031856559859133160e+00 1.035426791219496989e+00 1.037045756071770741e+00 1.040859976788914176e+00 1.042050501330068935e+00 1.040960226478306661e+00 1.039192534148937197e+00 1.037486500019006552e+00 1.036521681098353964e+00 1.037248385891599511e+00 1.039463341331025470e+00 1.043174858271161742e+00 1.048927567157305729e+00 1.057155836662885484e+00 1.067663805050814707e+00 1.080332603949166081e+00 1.080340151968096185e+00
1.061871457102441241e+00 1.026593502227461263e+00 1.032075665825972877e+00 1.035559379757000631e+00 1.037122304545501139e+00 1.040805916946659249e+00 1.041975204255782161e+00 1.041027820363084055e+00 1.039425496962478546e+00 1.037775904393046567e+00 1.036613822850019684e+00 1.036972091575141253e+00 1.039031272259495431e+00 1.042880461191864727e+00 1.048971598414590645e+00 1.057516866749398599e+00 1.068301794479375122e+00 1.081153439191838705e+00 1.081160975458133056e+00
1.068178001041605985e+00 1.026478114102728156e+00 1.032043119681627985e+00 1.035558515687643011e+00 1.037111566245801031e+00 1.040668280034844573e+00 1.041812389486992840e+00 1.040977558163407313e+00 1.039262475012874498e+00 1.037428886182987231e+00 1.036276213301847493e+00 1.036804582037891498e+00 1.039091203019877119e+00 1.043111319681260696e+00 1.049351160343819478e+00 1.058035894345866312e+00 1.068901709875043293e+00 1.081895721412156064e+00 1.081903239588292154e+00
1.074470180493512173e+00 1.026562133281040845e+00 1.032049281639952465e+00 1.035548283828977345e+00 1.037118945569761586e+00 1.040863163158264548e+00 1.042094636187075096e+00 1.040892792089203711e+00 1.038842320636402805e+00 1.036915445397986524e+00 1.035872958547780165e+00 1.036649627098150894e+00 1.039179061960917361e+00 1.043440307163825187e+00 1.049824009671699754e+00 1.058639993246764277e+00 1.069649941454949182e+00 1.082837371503275969e+00 1.082845172981408144e+00
1.080737053769623701e+00 1.026685481025631841e+00 1.032168441889371291e+00 1.035598453200201385e+00 1.037126488351922449e+00 1.040794471521247599e+00 1.042056702946483115e+00 1.040915648644799685e+00 1.039008274206857596e+00 1.037143647394776824e+00 1.036101830502527577e+00 1.036764514181035102e+00 1.039208822125967879e+00 1.043468170203081691e+00 1.049968912596622506e+00 1.058971142105087582e+00 1.070267675653266082e+00 1.083775459710683675e+00 1.083783304442528683e+00
1.087020489212936480e+00 1.026453386762873565e+00 1.031923363724996046e+00 1.035470181386852762e+00 1.037079174106091406e+00 1.040939248247781057e+00 1.042237825237960713e+00 1.040907352764818272e+00 1.038792480623159653e+00 1.036980381152213360e+00 1.036169447249980280e+00 1.037105536643361248e+00 1.039626701580695256e+00 1.043863193052432470e+00 1.050401411709099175e+00 1.059550762503930654e+00 1.071029006599486966e+00 1.084755755718518788e+00 1.084763822263969502e+00
1.093314462971749057e+00 1.026563174034650139e+00 1.032147092326510585e+00 1.035723774459473834e+00 1.037310483424626284e+00 1.040945289247404926e+00 1.041807606162135968e+00 1.040550261179399083e+00 1.038843050925077227e+00 1.037103836345125929e+00 1.036027425633318177e+00 1.036826378613496136e+00 1.039561996794612586e+00 1.044133425569576445e+00 1.050880468421161451e+00 1.060110804778724658e+00 1.071609335673129326e+00 1.085262425570182598e+00 1.085270584415094719e+00
1.099587869600829659e+00 1.026468707497693034e+00 1.031959789334056188e+00 1.035494216726711603e+00 1.037096789676982933e+00 1.040804763222621387e+00 1.041841473257476558e+00 1.040684028985821463e+00 1.039014027449804090e+00 1.037486372787228550e+00 1.036642723914106945e+00 1.037358003893823044e+00 1.039755974547104556e+00 1.043977570754555995e+00 1.050714423598589908e+00 1.060216203539724455e+00 1.072076953503447116e+00 1.086105682637235947e+00 1.086113727664266060e+00
1.105847463881620474e+00 1.026546378807746907e+00 1.032171937636933379e+00 1.035800804034293865e+00 1.037418447985638759e+00 1.041037956230713268e+00 1.042004488605509538e+00 1.040705266414625019e+00 1.038566361726819931e+00 1.036413615662706622e+00 1.035372497478596499e+00 1.036564397900595402e+00 1.039835716337510485e+00 1.044763932854206434e+00 1.051798591411223782e+00 1.061248555452328768e+00 1.073053692609311272e+00 1.087146787869285536e+00 1.087155182984128388e+00
1.112134280670179054e+00 1.026667647391047211e+00 1.032127815967490925e+00 1.035553192605657369e+00 1.037075320819105251e+00 1.040735396033681814e+00 1.042127330571083865e+00 1.040922196889551454e+00 1.038755006821729721e+00 1.036761809183327943e+00 1.035924013796598597e+00 1.037038478256001373e+00 1.039968212936106084e+00 1.044665399358682301e+00 1.051666884628650767e+00 1.061314380919359479e+00 1.073326431900119449e+00 1.087747746956219563e+00 1.087756283948314584e+00
1.118428377412835406e+00 1.026595472555910771e+00 1.032158715336634502e+00 1.035752243808062412e+00 1.037360768599759453e+00 1.041039992728006958e+00 1.041853739848636273e+00 1.040415107613707812e+00 1.038599018773135541e+00 1.036993541565403687e+00 1.036187222648390804e+00 1.037136619971995133e+00 1.039947869100080080e+00 1.044674105457408908e+00 1.051832314529115076e+00 1.061702668979472630e+00 1.073915824221460813e+00 1.088434129407512607e+00 1.088442721013086478e+00
1.124715645780198781e+00 1.026681656631676987e+00 1.032165998383136607e+00 1.035681882164727785e+00 1.037270049583792098e+00 1.040963372672063070e+00 1.042096064393324140e+00 1.040829231206207295e+00 1.038750548646493188e+00 1.036687455672319569e+00 1.035652967248283929e+00 1.036853595636597625e+00 1.040055549008327418e+00 1.045110865283791046e+00 1.052493854094364023e+00 1.062484046476799504e+00 1.074892422988861673e+00 1.089548832628404629e+00 1.089557342819817753e+00
1.130996124361501431e+00 1.026722642273316666e+00 1.032346801836668604e+00 1.035925815230982705e+00 1.037492964568389020e+00 1.040920159867002370e+00 1.041701152461630420e+00 1.040619459850939510e+00 1.038668581225064225e+00 1.036674532632309020e+00 1.035642369424609299e+00 1.036720084792160712e+00 1.039929245469294106e+00 1.045085288576502291e+00 1.052642811593994088e+00 1.062842509527422985e+00 1.075497733096658193e+00 1.090467305507132556e+00 1.090476107543113748e+00
1.137284456696317392e+00 1.026795428424388312e+00 1.032347835870399022e+00 1.035941653351168279e+00 1.037551051097435728e+00 1.041124018396701878e+00 1.041656360873494780e+00 1.040164749767321872e+00 1.038398117943395649e+00 1.036666793411974874e+00 1.035790605190228808e+00 1.037029253407366847e+00 1.040235150916690055e+00 1.045328431119964208e+00 1.052916564550703926e+00 1.063298203193542735e+00 1.076155350948366340e+00 1.091343592086374992e+00 1.091352388565512088e+00
1.143571288435853983e+00 1.026849038426548510e+00 1.032282384021112831e+00 1.035669476824695456e+00 1.037174873976616674e+00 1.040751697822351440e+00 1.041899512210423540e+00 1.040601067004463198e+00 1.038546460790546133e+00 1.036465991747097304e+00 1.035457888015220540e+00 1.036792295270126951e+00 1.040295980974362822e+00 1.045719825696014293e+00 1.053455096387047041e+00 1.063880019684343647e+00 1.076863397395666500e+00 1.092267043809886706e+00 1.092276166535476101e+00
1.149847667202570811e+00 1.026724803869266678e+00 1.032215172263458491e+00 1.035814635968378639e+00 1.037464609851667996e+00 1.041153276781349390e+00 1.041553469704167068e+00 1.040139682232301022e+00 1.038222460490418220e+00 1.036378948804831168e+00 1.035658737293623899e+00 1.037087456330660240e+00 1.040473546649157699e+00 1.045770829600874086e+00 1.053542212470886419e+00 1.064161601921018274e+00 1.077373800721161956e+00 1.093084296524179377e+00 1.093093640199896299e+00
1.156130444085272213e+00 1.026885917834344575e+00 1.032307176517226699e+00 1.035727551135126268e+00 1.037263739792288142e+00 1.040929681497033243e+00 1.041926204465266403e+00 1.040468288309155609e+00 1.038379693080993871e+00 1.036536021300693555e+00 1.035583073987389024e+00 1.036879487798304522e+00 1.040500695879959636e+00 1.046141689477404935e+00 1.054183355312691139e+00 1.064940469110844168e+00 1.078286239234067079e+00 1.094123572203782757e+00 1.094132781200614968e+00
1.162419353814765133e+00 1.026923581058854618e+00 1.032322914374607103e+00 1.035704016576080910e+00 1.037182622301594526e+00 1.040584135829020651e+00 1.041495460507200432e+00 1.040346463114578679e+00 1.038371437240493300e+00 1.036385316052613970e+00 1.035338468773682186e+00 1.036734997135674741e+00 1.040568111598710876e+00 1.046420122813940035e+00 1.054594976175737386e+00 1.065491197952222358e+00 1.078962348749572309e+00 1.094940563868054495e+00 1.094950053626408737e+00
1.168705445387328012e+00 1.026923495702892319e+00 1.032407632565455646e+00 1.035829682230629656e+00 1.037323089647518959e+00 1.040664535423085679e+00 1.041337645820918700e+00 1.040096540385410995e+00 1.038421023876627602e+00 1.036765013230368071e+00 1.035839584965891902e+00 1.036988493107140252e+00 1.040387320389401182e+00 1.046037483736167673e+00 1.054377712994823080e+00 1.065619495646811909e+00 1.079488149919409556e+00 1.095734614964856579e+00 1.095744140155550328e+00
1.174988745725767281e+00 1.026879833130429409e+00 1.032414703023957880e+00 1.035922373162051491e+00 1.037472524097764026e+00 1.040934983885128284e+00 1.041431626349970996e+00 1.039674418234510567e+00 1.037723472674375591e+00 1.036224445250477633e+00 1.035795528694594125e+00 1.037341758435943451e+00 1.041023436520786216e+00 1.046740666463408242e+00 1.055001775329100999e+00 1.066231044073689072e+00 1.080137920194506718e+00 1.096581420745394109e+00 1.096590962996864427e+00
1.181273977502684147e+00 1.026969119421042409e+00 1.032549786904330080e+00 1.035979158921464860e+00 1.037466263005939693e+00 1.040773050096260643e+00 1.041555879297020759e+00 1.040073799276360011e+00 1.037985180421363784e+00 1.036109034725082756e+00 1.035489450688508173e+00 1.037149372857785190e+00 1.040963303092585557e+00 1.046842067775641594e+00 1.055385671588215724e+00 1.066860455276747777e+00 1.080943162554689252e+00 1.097498917393288531e+00 1.097508890684721017e+00
1.187562659051211167e+00 1.027020835499776075e+00 1.032426070847265009e+00 1.035752949982108095e+00 1.037207763694100837e+00 1.040467772459379381e+00 1.041178083117741737e+00 1.040049001570075626e+00 1.038256355355021254e+00 1.036388705023870704e+00 1.035533742575263760e+00 1.036998265677489872e+00 1.040795503454090554e+00 1.046825968122959027e+00 1.055529385026509726e+00 1.067174459670271025e+00 1.081413649123826204e+00 1.098273913712925154e+00 1.098284058501792115e+00
1.193823213156303353e+00 1.027046120976846000e+00 1.032461943872855947e+00 1.035826690719797494e+00 1.037309552830150361e+00 1.040689029448721437e+00 1.041322572849157302e+00 1.039810214445911818e+00 1.038000846953206713e+00 1.036260917798250913e+00 1.035525927265466439e+00 1.037081976218167556e+00 1.040975749327925248e+00 1.047022987209317968e+00 1.055811768771090620e+00 1.067675319302880954e+00 1.082245767383315682e+00 1.099356756959613657e+00 1.099366778010619550e+00
1.200093696126397269e+00 1.026875969199606775e+00 1.032360405195679398e+00 1.035902105523324845e+00 1.037502201510870803e+00 1.041038277797597278e+00 1.041262035092769267e+00 1.039457217840553449e+00 1.037683303843242033e+00 1.036223397515953604e+00 1.035746112146629816e+00 1.037357090195927922e+00 1.041323887440160245e+00 1.047467822795082215e+00 1.056374285601595853e+00 1.068366918509350727e+00 1.083002085644581669e+00 1.100140105259985512e+00 1.100150276344790123e+00
1.206384684590767753e+00 1.026986186726808192e+00 1.032426991900155633e+00 1.035831248242546909e+00 1.037337940716982709e+00 1.040734381066108272e+00 1.041352793177372726e+00 1.039882440480488945e+00 1.037693001158571882e+00 1.035735199752862545e+00 1.035164625580171416e+00 1.037134747069920371e+00 1.041366077070057683e+00 1.047634438406725543e+00 1.056595832868540752e+00 1.068668914138033665e+00 1.083436414455761998e+00 1.100803546336136085e+00 1.100813980439807604e+00
1.212657716259795793e+00 1.026922620549123089e+00 1.032493045670683340e+00 1.036034081419418440e+00 1.037569477578241584e+00 1.040736626206296478e+00 1.041078431499887325e+00 1.039608339434127560e+00 1.037750291436942085e+00 1.036131587236914786e+00 1.035432039395318027e+00 1.037012032356004365e+00 1.041140368574040798e+00 1.047600566209410777e+00 1.056875077472813729e+00 1.069172119039713431e+00 1.084231149765358504e+00 1.101892808134439683e+00 1.101903256942498910e+00
1.218950061014193453e+00 1.027013296442986112e+00 1.032556666089548658e+00 1.036065526047505791e+00 1.037590277024553531e+00 1.040909887620948604e+00 1.041277699488299069e+00 1.039520591690776374e+00 1.037559331239077842e+00 1.035842571619239649e+00 1.035394419786200393e+00 1.037370336735460974e+00 1.041713131810366511e+00 1.048142673648746692e+00 1.057177750866403976e+00 1.069344934264354174e+00 1.084475922835465900e+00 1.102270060827039488e+00 1.102280612730293985e+00
1.225240784026401242e+00 1.027142743926456880e+00 1.032632676539473993e+00 1.035993528837182875e+00 1.037423534187251972e+00 1.040437683313307993e+00 1.040832247178404169e+00 1.039340781997404539e+00 1.037568447282441353e+00 1.035998748009156367e+00 1.035511047003082163e+00 1.037243635142106823e+00 1.041466860205185974e+00 1.048051573641895384e+00 1.057587659704921634e+00 1.070224389792123088e+00 1.085507183732749681e+00 1.103465596689487960e+00 1.103476099198880567e+00
1.231532244371714047e+00 1.027257932074161273e+00 1.032632392103242314e+00 1.035992821326292113e+00 1.037466774177924655e+00 1.040641903610595165e+00 1.040605095354608656e+00 1.039072872382345247e+00 1.037435616132672322e+00 1.035801762472996268e+00 1.035432909957495484e+00 1.037585595848225850e+00 1.042008560998851197e+00 1.048495876403648497e+00 1.057820328820068490e+00 1.070441602004273962e+00 1.086032833379635631e+00 1.104388043601334024e+00 1.104398759810955033e+00
1.237823116543606217e+00 1.027209648553212062e+00 1.032615006110469080e+00 1.035911519243004841e+00 1.037367080999701541e+00 1.040629687779322632e+00 1.040937526218232545e+00 1.039249579096997111e+00 1.037162615918080011e+00 1.035453836990382959e+00 1.035105166624380013e+00 1.037202294439862671e+00 1.041920397563075973e+00 1.048888799917394588e+00 1.058503461526966838e+00 1.071211378066598163e+00 1.086845236847082452e+00 1.105317151881262117e+00 1.105328058035621064e+00
1.244104630523539479e+00 1.027115694397728873e+00 1.032545401418031528e+00 1.036017668422446025e+00 1.037579895385113860e+00 1.040981896590519096e+00 1.041111590622038952e+00 1.038990562268211848e+00 1.037092522093673974e+00 1.035589225260563628e+00 1.035336654863573846e+00 1.037412332888361544e+00 1.041789914316250787e+00 1.048589930938103043e+00 1.058429280152339835e+00 1.071600753992144384e+00 1.087577524913308835e+00 1.106266209163993208e+00 1.106277232802685084e+00
1.250385916236761652e+00 1.027195873050474884e+00 1.032582408374280281e+00 1.035920619072221216e+00 1.037394190377873837e+00 1.040650754432179026e+00 1.040995028412562418e+00 1.039183562101511971e+00 1.036990269175197543e+00 1.035313532859163832e+00 1.035119037990607893e+00 1.037423263311932242e+00 1.042065779366575073e+00 1.048887861215505923e+00 1.058716702315472880e+00 1.072028171125659846e+00 1.088252410998277631e+00 1.107144578463602480e+00 1.107155606809732351e+00
1.256652750742101254e+00 1.027284044949078989e+00 1.032673650414841715e+00 1.035979023861947068e+00 1.037393220260938387e+00 1.040299794137885536e+00 1.040344053198352769e+00 1.038765504010171759e+00 1.037043032143029508e+00 1.035457797162293359e+00 1.035054625689924457e+00 1.037233715587903005e+00 1.042022720545778158e+00 1.049212750674076933e+00 1.059336143479822745e+00 1.072748795899943763e+00 1.089144799919664841e+00 1.108326768956214181e+00 1.108338100370550805e+00
1.262935091931613352e+00 1.027395665917738565e+00 1.032862727998956176e+00 1.036123963336462506e+00 1.037482438840144683e+00 1.040329792428046130e+00 1.040508136539581630e+00 1.038889686625266373e+00 1.036954938712835839e+00 1.035201323744940449e+00 1.034840267120440416e+00 1.037397124576582064e+00 1.042431178180448725e+00 1.049548950796686864e+00 1.059627509018256086e+00 1.073120585849216324e+00 1.089632840460258656e+00 1.108962928144269222e+00 1.108974408202481499e+00
1.269233477511062080e+00 1.027340613535837388e+00 1.032663523160462837e+00 1.035962426535659064e+00 1.037399233076792049e+00 1.040571874670948471e+00 1.040818697670459203e+00 1.038820235613077347e+00 1.036776896610606125e+00 1.035117429377703235e+00 1.034929882595855499e+00 1.037455059911816413e+00 1.042522490678532643e+00 1.049915112644462134e+00 1.060137207047940677e+00 1.073597115217117315e+00 1.090136871577088717e+00 1.109617919315196932e+00 1.109629314292983393e+00
1.275514616938773216e+00 1.027545180909700928e+00 1.032974644284118337e+00 1.036265558652034402e+00 1.037673493914099021e+00 1.040620863383897587e+00 1.040469454607064081e+00 1.038665196961831683e+00 1.036827568460499727e+00 1.035238763147582786e+00 1.034972860684991502e+00 1.037369922889776808e+00 1.042349554129099465e+00 1.049720369524175467e+00 1.060155923708045345e+00 1.074052998576362938e+00 1.090989358300854084e+00 1.110759011165182164e+00 1.110770621665667424e+00
1.281786872211649220e+00 1.027327483020481713e+00 1.032672847128445870e+00 1.035991076560563995e+00 1.037458050088485795e+00 1.040650401119582513e+00 1.040470766823158977e+00 1.038523453599190738e+00 1.036816030204868566e+00 1.035180544578172324e+00 1.034669505809299395e+00 1.037071356679553080e+00 1.042331932145150963e+00 1.049987803219754490e+00 1.060516771058488850e+00 1.074488888333994474e+00 1.091641602907794661e+00 1.111685912845323365e+00 1.111697571130531914e+00
1.288079462048372426e+00 1.027338158971572213e+00 1.032776281760697135e+00 1.036195980421835250e+00 1.037672961607134514e+00 1.040645860788108390e+00 1.040255089859353221e+00 1.038087552439705297e+00 1.036410372734865248e+00 1.035059253014618319e+00 1.034708695945656620e+00 1.037104900404059338e+00 1.042433300613239355e+00 1.050281447893439912e+00 1.061058086724006921e+00 1.075216259884642866e+00 1.092331755164995366e+00 1.112345834354906637e+00 1.112357716974152977e+00
1.294361149637119013e+00 1.027465678828466400e+00 1.032860468050836866e+00 1.036137207526819815e+00 1.037535394119700749e+00 1.040409266727817084e+00 1.040393275973788612e+00 1.038481855176213831e+00 1.036546239541885406e+00 1.034784584088640269e+00 1.034459480315690572e+00 1.037153622498823147e+00 1.042593042348333388e+00 1.050421703245862259e+00 1.061223158323103544e+00 1.075506277072778349e+00 1.092881721270894779e+00 1.113245415475806244e+00 1.113257236818034013e+00
1.300627926004322754e+00 1.027517717479703663e+00 1.032922586360789818e+00 1.036217638891856474e+00 1.037635888917948890e+00 1.040527459093024243e+00 1.040278881461339511e+00 1.038374690918732357e+00 1.036429273963047848e+00 1.034759318434962161e+00 1.034464972630030122e+00 1.037139562585107422e+00 1.042759291806137023e+00 1.050848318956048466e+00 1.061764444284620135e+00 1.076095647158976654e+00 1.093627558689348467e+00 1.114203290347590691e+00 1.114215371226336959e+00
1.306914643728855463e+00 1.027374339707735285e+00 1.032672194797399357e+00 1.035979695629480446e+00 1.037432054837548634e+00 1.040627689736130623e+00 1.040490708767886074e+00 1.038359728373295043e+00 1.036546416862149878e+00 1.035045488721086260e+00 1.034835148875270061e+00 1.037498538626911104e+00 1.042885144313254742e+00 1.050739416387313163e+00 1.061764134598227827e+00 1.076320362093244221e+00 1.094123442691003811e+00 1.114963463794867327e+00 1.114975587502498700e+00
1.313214369136572968e+00 1.027628212638263872e+00 1.033014758225588858e+00 1.036244904850706749e+00 1.037617006107123707e+00 1.040506140877031749e+00 1.040247541353782168e+00 1.037845921661685766e+00 1.036033558513966613e+00 1.034806318430832484e+00 1.034933469179925014e+00 1.037649891539079050e+00 1.043018968621269416e+00 1.050969233811431369e+00 1.062107562821427154e+00 1.076924515296286522e+00 1.094925069091499559e+00 1.115965410956881509e+00 1.115977755512726599e+00
1.319506178663429896e+00 1.027596153533250511e+00 1.033024034895148491e+00 1.036277969184585368e+00 1.037639270323214236e+00 1.040348861633752175e+00 1.040128907712563500e+00 1.038141411662985458e+00 1.036058882495279665e+00 1.034460743362195734e+00 1.034436682307934952e+00 1.037377990647240678e+00 1.043010579724244824e+00 1.051198111719893635e+00 1.062580982585186629e+00 1.077493415306860047e+00 1.095554718997706400e+00 1.116721669213782686e+00 1.116733895735997129e+00
1.325784332573166857e+00 1.027531662732549034e+00 1.032934731075310530e+00 1.036145473404456174e+00 1.037485553377920811e+00 1.040153125788221056e+00 1.040024340104404255e+00 1.038010546405606638e+00 1.036005235373547162e+00 1.034589462502000679e+00 1.034519739737257193e+00 1.037452702776912705e+00 1.043330585133914967e+00 1.051642350838106754e+00 1.062922013630379192e+00 1.077835396223070452e+00 1.096228430054323244e+00 1.117762850471385683e+00 1.117775503703360984e+00
1.332057263563118710e+00 1.027769385580227679e+00 1.033150483526846131e+00 1.036329477125621068e+00 1.037655675580935632e+00 1.040302472088053376e+00 1.040067835730996926e+00 1.037721346748511353e+00 1.035638538712905898e+00 1.034414256492405482e+00 1.034599491146085626e+00 1.037532231047677334e+00 1.043455466685929256e+00 1.051947775937110308e+00 1.063489676820288832e+00 1.078630056274485494e+00 1.097051244876218634e+00 1.118620173611293733e+00 1.118632662832940161e+00
1.338340549575027794e+00 1.027693528167034076e+00 1.033045734107886693e+00 1.036325671058306197e+00 1.037718266117787280e+00 1.040508836934793013e+00 1.040054135904056931e+00 1.037527713427002451e+00 1.035582445575706112e+00 1.034314001887598922e+00 1.034493261917224460e+00 1.037548737417006484e+00 1.043443891000755297e+00 1.051888888956432400e+00 1.063495920279661666e+00 1.078742399400278495e+00 1.097329433825709799e+00 1.119209411964339207e+00 1.119222320168552054e+00
1.344633835480066875e+00 1.027678476935068863e+00 1.032933414632144054e+00 1.036203821692154747e+00 1.037635614087568214e+00 1.040732883225524708e+00 1.040242346611896629e+00 1.037569552340564361e+00 1.035526719181222077e+00 1.034133840729260401e+00 1.034262149783559570e+00 1.037468231283657172e+00 1.043628342289550925e+00 1.052308143491246684e+00 1.064126480597081814e+00 1.079622877913105405e+00 1.098464652477180392e+00 1.120445178834762023e+00 1.120458129997606411e+00
1.350907484373135237e+00 1.027781002285622192e+00 1.033228130278878609e+00 1.036503481185330644e+00 1.037876425764560517e+00 1.040601635711189576e+00 1.039922650953045036e+00 1.037235548081949954e+00 1.035387836546220353e+00 1.034071974994033027e+00 1.034090012482085097e+00 1.037327558855886789e+00 1.043718049264542813e+00 1.052532796869504406e+00 1.064416079073175592e+00 1.080077449055899530e+00 1.099087946481130729e+00 1.121277021514801353e+00 1.121289818548366624e+00
1.357175487163077676e+00 1.027938591572905347e+00 1.033293367607840407e+00 1.036512460466768371e+00 1.037863202496367210e+00 1.040446826379601619e+00 1.039712053145999349e+00 1.037352267285800211e+00 1.035281982875507101e+00 1.033957147092906981e+00 1.034242923606148112e+00 1.037476194430651422e+00 1.043751084991282996e+00 1.052643633736137785e+00 1.064699565225152966e+00 1.080494794237059519e+00 1.099684095521151983e+00 1.122084813843999829e+00 1.122097923246245132e+00
1.363467141694861828e+00 1.027819294980591547e+00 1.033158409523000421e+00 1.036412786405036091e+00 1.037757342429035612e+00 1.040291594033909028e+00 1.039908511457565021e+00 1.037415468906512928e+00 1.034976710387043974e+00 1.033695676596868784e+00 1.034255960291080800e+00 1.037617361682752204e+00 1.043987937653279685e+00 1.052973338980475848e+00 1.065114545525889911e+00 1.081017232907256487e+00 1.100363117462079821e+00 1.123059564158484847e+00 1.123072642662631848e+00
1.369755686854475130e+00 1.027826726173998839e+00 1.033169100469939927e+00 1.036374027707512191e+00 1.037698265724942281e+00 1.040338956173455287e+00 1.039852077014174370e+00 1.037405578603907808e+00 1.035489461849624870e+00 1.033930293883717155e+00 1.033908621307604969e+00 1.037238318097486900e+00 1.043738334430345249e+00 1.052921545939025538e+00 1.065251203433511762e+00 1.081358841287652695e+00 1.100980293184105063e+00 1.123881457839575937e+00 1.123894882698181164e+00
1.376032186684321701e+00 1.028011033392721263e+00 1.033318724271973466e+00 1.036464179803806784e+00 1.037728390887249885e+00 1.040139808978995051e+00 1.039397971862201286e+00 1.037112348254394023e+00 1.035339730517172763e+00 1.034009520737418475e+00 1.034274319406673248e+00 1.037560620086516172e+00 1.043987692706478176e+00 1.053167809667812982e+00 1.065601064771561690e+00 1.081844380251040239e+00 1.101705368319014555e+00 1.124909027793873584e+00 1.124922610910148668e+00
1.382313839440675540e+00 1.027989693792897841e+00 1.033120881449292705e+00 1.036237284153754379e+00 1.037572538175673520e+00 1.040313933437810867e+00 1.039578402901645049e+00 1.036807675185869693e+00 1.035064165482055820e+00 1.033955452850919610e+00 1.034095301143677981e+00 1.037293908946023580e+00 1.044034487444259973e+00 1.053632776606592270e+00 1.066344705165800821e+00 1.082697326355015699e+00 1.102557526296217283e+00 1.125803243445622881e+00 1.125816485557443292e+00
1.388610058625191268e+00 1.028030675277263439e+00 1.033149303681279996e+00 1.036268068134790443e+00 1.037585488095629671e+00 1.040062558676148941e+00 1.039549357542733476e+00 1.037141605501842090e+00 1.034949820881592819e+00 1.033533792555790365e+00 1.033686972016482519e+00 1.037073247836225010e+00 1.043976109011965692e+00 1.053672372053965578e+00 1.066390771287248906e+00 1.082839040905628991e+00 1.102887409967282295e+00 1.126406470323489728e+00 1.126420204552228910e+00
1.394895499348251855e+00 1.027980044158822492e+00 1.033197010319845122e+00 1.036327583225545856e+00 1.037629182400636951e+00 1.040169446688235633e+00 1.039423544797108079e+00 1.036807773606813088e+00 1.034867922543092122e+00 1.033468152917646821e+00 1.033829702685904905e+00 1.037376272276983702e+00 1.044262226891180312e+00 1.053919393871276533e+00 1.066805399176542268e+00 1.083470443984151821e+00 1.103685312851585110e+00 1.127318708278817638e+00 1.127332505290484344e+00
1.401166240321837453e+00 1.028027014264506267e+00 1.033300256164686015e+00 1.036497707970485793e+00 1.037811522589635382e+00 1.040124432495804996e+00 1.039481368672777073e+00 1.036643439724987514e+00 1.034522598122334713e+00 1.033437610463866507e+00 1.033824047408977931e+00 1.037355255851751146e+00 1.044120331623316522e+00 1.053752972159117451e+00 1.066955235403323377e+00 1.084031052531236883e+00 1.104488562223520542e+00 1.128281954137649867e+00 1.128295745260700089e+00
1.407434432864556273e+00 1.028049144381357971e+00 1.033147603919364554e+00 1.036278902169306182e+00 1.037600739636486136e+00 1.040182538925213951e+00 1.039366622004896490e+00 1.036577162803917096e+00 1.034510844038927901e+00 1.033415749643042281e+00 1.033868277832381111e+00 1.037425733765545699e+00 1.044400401198801287e+00 1.054132646283195029e+00 1.067191591271434925e+00 1.084168455805141651e+00 1.104867544629122511e+00 1.129087027377116081e+00 1.129101236012296505e+00
1.413722933193898301e+00 1.028279339726348329e+00 1.033382465593900568e+00 1.036483141223214499e+00 1.037789701816792753e+00 1.040256523959661727e+00 1.039160747586722389e+00 1.036383967564841413e+00 1.034100186896440121e+00 1.032676104948064610e+00 1.033310976929934455e+00 1.037354182413026349e+00 1.044476950085450939e+00 1.054285162038784973e+00 1.067649883813658995e+00 1.085082356484502242e+00 1.106099758775031638e+00 1.130404503726712528e+00 1.130418774377653035e+00
1.420027475896342928e+00 1.028155956410940819e+00 1.033375694788127408e+00 1.036381363887270979e+00 1.037585564804853311e+00 1.039895307561263582e+00 1.039041415187306638e+00 1.036333491436228105e+00 1.034653734631739486e+00 1.033677734875507959e+00 1.034008161789464308e+00 1.037253791532448011e+00 1.044209261555493651e+00 1.054468939900942814e+00 1.068054706134313525e+00 1.085508077204424993e+00 1.106536521799999395e+00 1.131042511210294643e+00 1.131057007594337138e+00
1.426307149789788564e+00 1.028312625086365228e+00 1.033337044193266552e+00 1.036289532684585568e+00 1.037521470009563407e+00 1.039917327317092299e+00 1.039261861540829779e+00 1.036611641977005061e+00 1.034375744552342269e+00 1.033084975451484810e+00 1.033379725794060233e+00 1.037003742924053729e+00 1.044317720321058518e+00 1.054722474253403597e+00 1.068360800094678487e+00 1.085760816833506892e+00 1.106893957777680626e+00 1.131565759164233187e+00 1.131580012738505836e+00
1.432584485912613337e+00 1.028326384261434745e+00 1.033421551210685685e+00 1.036588520522986556e+00 1.037926405270231056e+00 1.040178324465332871e+00 1.039179293944571203e+00 1.036445469927078200e+00 1.034007531826605097e+00 1.032563933129025058e+00 1.033305033451676014e+00 1.037491537645419681e+00 1.044999691866322467e+00 1.055205325135732730e+00 1.068781082195108034e+00 1.086376804446525179e+00 1.107641925539554650e+00 1.132514479236908178e+00 1.132529128615488823e+00
1.438876982104692948e+00 1.028357187578579524e+00 1.033458559317530945e+00 1.036565024223393028e+00 1.037880606138469775e+00 1.040370511000408449e+00 1.039440646512727717e+00 1.036445173571394429e+00 1.034033808366801699e+00 1.032578664213475106e+00 1.033142979535150774e+00 1.037078899792477804e+00 1.044478139859537746e+00 1.055029250625128867e+00 1.068966343723838142e+00 1.086825983778280769e+00 1.108365969996968570e+00 1.133444058255196341e+00 1.133458540849346718e+00
1.445167658311597991e+00 1.028520626339749278e+00 1.033586400739185285e+00 1.036623098212843042e+00 1.037884712801278031e+00 1.040141539637609025e+00 1.038710071340827712e+00 1.035830806548959870e+00 1.033778130172343879e+00 1.032621081208127789e+00 1.033365077646820618e+00 1.037389988277766850e+00 1.044906560826811992e+00 1.055398690075573409e+00 1.069331921141068120e+00 1.087259987020810170e+00 1.108968025876696739e+00 1.134310918821522352e+00 1.134325584591510561e+00
1.451434581318592487e+00 1.028727094930963482e+00 1.033753502852311934e+00 1.036682820985871389e+00 1.037811693811998337e+00 1.039681224274336513e+00 1.038887474539079259e+00 1.036008207953814653e+00 1.033649426770341329e+00 1.032608968752518841e+00 1.033390014872918927e+00 1.037537573015210102e+00 1.045120806210937170e+00 1.055651144212517600e+00 1.069570560663728909e+00 1.087595009537454693e+00 1.109478269174919207e+00 1.135006328542698339e+00 1.135021248188191834e+00
1.457714146029685631e+00 1.028619095580182385e+00 1.033620739197013139e+00 1.036509282658567344e+00 1.037655744984055106e+00 1.039748740006174677e+00 1.038952465652982937e+00 1.036017291109930127e+00 1.033687066239940666e+00 1.032525796301652310e+00 1.033341278898933568e+00 1.037529528141859725e+00 1.045086619602857425e+00 1.055665849005088974e+00 1.069779469750312462e+00 1.088047449682289614e+00 1.110262916211403272e+00 1.136122488235468797e+00 1.136137426599030498e+00
1.464013702919821469e+00 1.028664908132177036e+00 1.033586801888629836e+00 1.036537841977417385e+00 1.037731203318945195e+00 1.039756424045150007e+00 1.038580608807962991e+00 1.035873967960603270e+00 1.033860866674526813e+00 1.032694384484571737e+00 1.033161926395817387e+00 1.037028945278606118e+00 1.044668837665624794e+00 1.055592548195891434e+00 1.070081258179437222e+00 1.088670605243757805e+00 1.110821993014527553e+00 1.136554275017181537e+00 1.136569460591261738e+00
1.470311375243267715e+00 1.028672881591322419e+00 1.033599110224322271e+00 1.036505002360842642e+00 1.037698313435519992e+00 1.039760589817555037e+00 1.038475387938411654e+00 1.035649303766816853e+00 1.033556213825404635e+00 1.032562575725802567e+00 1.033088077093601065e+00 1.037049443454104436e+00 1.044924144362064489e+00 1.055943772123546065e+00 1.070488843257169975e+00 1.089232118727017751e+00 1.111713777313571239e+00 1.137758111158021945e+00 1.137773304587906598e+00
1.476585168270965198e+00 1.028527054735065338e+00 1.033528214152861002e+00 1.036557929544492440e+00 1.037778487068959477e+00 1.039941760136908089e+00 1.038620672065247774e+00 1.035650931349990422e+00 1.033517987950420824e+00 1.032228897449763094e+00 1.033007925868415500e+00 1.037434516307745636e+00 1.045311210622505094e+00 1.056388719640963370e+00 1.070879713955982249e+00 1.089644079368865537e+00 1.112353715393355369e+00 1.138635532653761606e+00 1.138650817863338993e+00
1.482847620858654736e+00 1.028808042487839636e+00 1.033639023046047933e+00 1.036593704026317120e+00 1.037824415714474924e+00 1.039900767324428266e+00 1.038119643897376543e+00 1.035267978848994463e+00 1.033434650294420498e+00 1.032399137383840149e+00 1.033221796472944654e+00 1.037603091832801194e+00 1.045449170048065479e+00 1.056460655779842606e+00 1.071130430820765200e+00 1.090077870284195338e+00 1.113009242693868250e+00 1.139654216094976302e+00 1.139669701836615312e+00
1.489134257848029552e+00 1.028973397004258494e+00 1.033726676457517257e+00 1.036433105095258655e+00 1.037579809545761345e+00 1.039879439721659526e+00 1.038315638443160438e+00 1.035229479000203012e+00 1.033248256866518000e+00 1.032202303355898465e+00 1.032804639556125892e+00 1.037212818336620046e+00 1.045434539813370645e+00 1.056663172844383158e+00 1.071399311084003658e+00 1.090548863607526897e+00 1.113677549054780780e+00 1.140512604012714704e+00 1.140528158605608189e+00
1.495410090151012339e+00 1.028788087302550780e+00 1.033655745554610705e+00 1.036604581074476616e+00 1.037790161201586514e+00 1.039797050193893790e+00 1.038154434857418984e+00 1.035147074113743626e+00 1.032929836126462497e+00 1.031950451165859706e+00 1.033145050753972338e+00 1.037831697943069509e+00 1.045731175788515932e+00 1.056914719832884320e+00 1.071945358466380949e+00 1.091246992153150686e+00 1.114432080167893524e+00 1.141362601448488556e+00 1.141378146960190243e+00
1.501688804650891385e+00 1.028885771878676803e+00 1.033681681963273258e+00 1.036528610190342148e+00 1.037725072194751075e+00 1.039833408466112941e+00 1.038151641034594785e+00 1.034793564182029169e+00 1.032796887101703254e+00 1.031838715219665747e+00 1.032745880835330032e+00 1.037338554738830076e+00 1.045743724283987097e+00 1.057122995790667153e+00 1.072211960606313186e+00 1.091647233861532618e+00 1.114999775028487905e+00 1.142090224137036758e+00 1.142106034758119115e+00
1.507973225127458239e+00 1.028961663370127733e+00 1.033869828706551752e+00 1.036670725595770115e+00 1.037723347906452487e+00 1.039455900996722360e+00 1.038193238684519182e+00 1.035288907880297149e+00 1.032824913289007274e+00 1.031606604647415937e+00 1.032615612209695222e+00 1.037058756982057739e+00 1.045442878331268810e+00 1.057311976088109562e+00 1.072620864940823759e+00 1.092058267570380270e+00 1.115523897660125163e+00 1.142792501543276495e+00 1.142808604763522640e+00
1.514255586288884459e+00 1.029079603597788939e+00 1.033777043095292170e+00 1.036521385891997493e+00 1.037616481130844592e+00 1.039477897441746457e+00 1.038353125739551963e+00 1.035582742026423198e+00 1.033156184485779727e+00 1.031607949155200377e+00 1.032340609256831021e+00 1.037052714196708303e+00 1.045615432738626671e+00 1.057481722103226884e+00 1.072839039983675802e+00 1.092472098515972156e+00 1.116211786128435079e+00 1.143949870411175684e+00 1.143965853528446708e+00
1.520548655276809047e+00 1.029016780448055446e+00 1.033819337919296810e+00 1.036582836187854628e+00 1.037662506019662034e+00 1.039515947222457104e+00 1.038146753629102470e+00 1.034767716179557207e+00 1.032686008411905165e+00 1.031700251385856637e+00 1.032700327339332924e+00 1.037315866266600661e+00 1.045907967551513273e+00 1.057753940005359272e+00 1.073078130593615231e+00 1.092898118778413252e+00 1.116877789480435368e+00 1.144674422839234040e+00 1.144690637472578931e+00
1.526828765310179747e+00 1.029151825033256529e+00 1.033914402927517795e+00 1.036733745378528582e+00 1.037808042846704470e+00 1.039544080540769411e+00 1.038162062668260388e+00 1.035040482126443839e+00 1.032581512999672491e+00 1.031312960769643627e+00 1.032360946241229982e+00 1.037212922740963217e+00 1.045873159347022519e+00 1.057898693338514828e+00 1.073458282923297702e+00 1.093453098316609307e+00 1.117567197997080708e+00 1.145623067670934914e+00 1.145639199374781869e+00
1.533114430439595610e+00 1.029242604086134438e+00 1.034070510275413080e+00 1.036805365314839911e+00 1.037820756390545496e+00 1.039246552666810874e+00 1.037774438476133154e+00 1.034864368015524061e+00 1.032566660482474141e+00 1.031711699472808164e+00 1.032683884618903480e+00 1.037039174620310034e+00 1.045617558473989073e+00 1.057944033959945518e+00 1.073953936612136895e+00 1.094099481020294862e+00 1.118267069300439953e+00 1.146391817130745006e+00 1.146408194845174755e+00
1.539410813276927970e+00 1.029310186349599698e+00 1.033925315040760129e+00 1.036645912865749253e+00 1.037706993802470556e+00 1.039325312346011998e+00 1.037583840065067431e+00 1.034494589750929894e+00 1.032640079482816997e+00 1.031677612667187161e+00 1.032370768293372265e+00 1.037292239060652710e+00 1.046197636337620196e+00 1.058477597621712452e+00 1.074318650020459343e+00 1.094533903226982519e+00 1.118909154807044226e+00 1.147236422345265572e+00 1.147252856465807547e+00
1.545694858079805112e+00 1.029415193595615508e+00 1.033917572013128838e+00 1.036513165319514318e+00 1.037558726126575515e+00 1.039165082565004949e+00 1.037469375948092853e+00 1.034504090472601501e+00 1.032492074503215118e+00 1.031579360630647813e+00 1.032825330780563933e+00 1.037480743946749717e+00 1.045937379560042180e+00 1.058343902677923110e+00 1.074545296277345630e+00 1.094881723388026806e+00 1.119354646844979095e+00 1.147821509098217785e+00 1.147838021261473607e+00
1.551969964575633298e+00 1.029447309629706542e+00 1.034230791800051508e+00 1.036935852336588582e+00 1.037926872823832891e+00 1.039219053191789532e+00 1.037217094812035167e+00 1.034391884695863073e+00 1.032141408921964487e+00 1.031090537872201951e+00 1.032342147529986764e+00 1.037435782576820120e+00 1.046288756714600643e+00 1.058768936423124973e+00 1.074945347131346818e+00 1.095618651581200975e+00 1.120384712588661458e+00 1.149058151036889353e+00 1.149074665879323165e+00
1.558245721095042446e+00 1.029385726059713013e+00 1.034065718720793114e+00 1.036905392350206290e+00 1.038025620450715447e+00 1.039628446259508898e+00 1.037284257321722913e+00 1.034035006229474307e+00 1.032016040177419658e+00 1.030999799060354327e+00 1.032126618348635505e+00 1.037389581961962071e+00 1.046338250895725963e+00 1.058843585790590014e+00 1.075250618876040676e+00 1.096139881782727254e+00 1.121048814521508730e+00 1.149931083938228404e+00 1.149947839342928324e+00
1.564534844516594525e+00 1.029669493005881398e+00 1.034028638980963200e+00 1.036575493658529856e+00 1.037614652831544637e+00 1.039485113347151213e+00 1.037732264774736457e+00 1.033999926113009726e+00 1.031910927054862093e+00 1.031033118644780977e+00 1.032271035497392075e+00 1.037449979998091409e+00 1.046527707563182252e+00 1.059028055527144074e+00 1.075331048347461849e+00 1.096203485167730474e+00 1.121427217566197232e+00 1.150672989872621343e+00 1.150690045881875845e+00
1.570816980798636520e+00 1.029631802395294615e+00 1.034059069656611429e+00 1.036620987022242035e+00 1.037640359358213527e+00 1.039349139285982826e+00 1.037496609869008157e+00 1.033845872278794431e+00 1.031829614017456542e+00 1.030820265218489684e+00 1.032027406968200056e+00 1.037322629885618186e+00 1.046330289701707494e+00 1.058984149791790674e+00 1.075658224185638279e+00 1.096869751970638740e+00 1.122308318698626683e+00 1.151605086911689391e+00 1.151622243909485199e+00
1.577093092211928615e+00 1.029640924666229473e+00 1.034154662315826645e+00 1.036759189495002786e+00 1.037753648162895947e+00 1.039041681131093187e+00 1.037126067633884485e+00 1.034167959040356966e+00 1.031824204574539383e+00 1.030761884307939580e+00 1.032102282557189721e+00 1.037512039105564110e+00 1.046764378209757096e+00 1.059554728655019984e+00 1.076243145242759214e+00 1.097467029352880319e+00 1.122928933339238489e+00 1.152364198881170365e+00 1.152381228790660517e+00
1.583381338673179872e+00 1.029773962792331021e+00 1.034224583101327033e+00 1.036862490086138733e+00 1.037902002602319573e+00 1.039292294485381962e+00 1.037024838559714945e+00 1.033136704710221787e+00 1.030919597074067218e+00 1.030445595904841527e+00 1.031995087800638311e+00 1.037563690660789462e+00 1.046970360841889214e+00 1.059872769705314965e+00 1.076531498676890575e+00 1.097743046882229345e+00 1.123270729446716798e+00 1.153019117389323389e+00 1.153036413027621387e+00
1.589671280639133322e+00 1.029858210927859341e+00 1.034376749209840796e+00 1.036800534240656768e+00 1.037685433728155360e+00 1.038798686361041002e+00 1.037101381272010014e+00 1.033753634601974669e+00 1.031655615860270325e+00 1.030793827616207636e+00 1.032177491352949561e+00 1.037503658208436264e+00 1.046755868124957578e+00 1.059733857526837353e+00 1.076602465444124856e+00 1.098136300422672740e+00 1.124020467157278214e+00 1.154006896105032931e+00 1.154024305760138480e+00
1.595952830483094553e+00 1.029776573490750469e+00 1.034079078160986098e+00 1.036518950425987518e+00 1.037462771851695997e+00 1.038981052540421057e+00 1.037007023158637464e+00 1.033405560473427798e+00 1.031577822580695081e+00 1.030766100516069095e+00 1.031637418213890545e+00 1.036881018883870853e+00 1.046659347802496809e+00 1.060068708075303290e+00 1.077432927080982372e+00 1.098988648065597928e+00 1.124812047204977850e+00 1.154952692077713117e+00 1.154970032339131203e+00
1.602217313416965272e+00 1.029904531355879671e+00 1.034356485329440467e+00 1.036965782590673513e+00 1.037962070904520751e+00 1.039303359491629886e+00 1.036758535471945741e+00 1.033504446194003279e+00 1.031312483786136713e+00 1.030221047458767858e+00 1.031563816063777672e+00 1.037436448977722137e+00 1.047175017678005693e+00 1.060350790546758404e+00 1.077562587989557841e+00 1.099418502889659921e+00 1.125632669612728343e+00 1.156058244875289187e+00 1.156076040467638677e+00
